{"type":"FeatureCollection","features":[{"type":"Feature","id":"pirita","properties":{"id":"pirita","name":"Pirita linnaosa","ehak":"0596","observed_on":"2026-09-02"},"geometry":{"type":"MultiPolygon","coordinates":[[[[24.825504,59.494945],[24.825709,59.495002],[24.826356,59.49518],[24.826836,59.494985],[24.829198,59.498145],[24.832353,59.497306],[24.834292,59.496965],[24.841512,59.49601],[24.844673,59.495599],[24.849142,59.49505],[24.855826,59.494194],[24.856623,59.494085],[24.857834,59.493993],[24.866659,59.493642],[24.867391,59.493613],[24.874467,59.493338],[24.877027,59.493138],[24.879159,59.492799],[24.879859,59.492654],[24.884674,59.491659],[24.888603,59.490833],[24.889188,59.487951],[24.887832,59.485213],[24.889534,59.484308],[24.892196,59.482898],[24.894328,59.483227],[24.895511,59.482575],[24.897615,59.48118],[24.899674,59.479846],[24.900932,59.479025],[24.903568,59.477309],[24.905203,59.476254],[24.907917,59.47632],[24.908345,59.476617],[24.914303,59.473682],[24.914388,59.47364],[24.914936,59.472848],[24.914867,59.471749],[24.915261,59.470709],[24.915269,59.469921],[24.908739,59.469181],[24.907821,59.467861],[24.904608,59.467257],[24.904258,59.465675],[24.903932,59.463401],[24.904032,59.462764],[24.905479,59.460563],[24.904854,59.460363],[24.903861,59.460119],[24.902661,59.459505],[24.902141,59.459247],[24.901493,59.458704],[24.90114,59.458313],[24.900217,59.456895],[24.899639,59.456418],[24.899549,59.456354],[24.898575,59.455821],[24.897511,59.455444],[24.894492,59.454604],[24.893309,59.45447],[24.89104,59.45455],[24.887963,59.454812],[24.884794,59.454957],[24.884403,59.454964],[24.884163,59.454949],[24.883112,59.454982],[24.880277,59.455],[24.87713,59.454864],[24.877002,59.454859],[24.876383,59.454864],[24.869792,59.455146],[24.868805,59.45514],[24.865649,59.455039],[24.864213,59.454887],[24.861747,59.454785],[24.856757,59.453601],[24.854751,59.453103],[24.853656,59.452613],[24.853187,59.452311],[24.852905,59.452115],[24.851396,59.45168],[24.849954,59.451467],[24.847373,59.451431],[24.844426,59.451937],[24.842733,59.452234],[24.841296,59.452402],[24.839763,59.452248],[24.836255,59.452642],[24.834125,59.452934],[24.832922,59.453053],[24.830889,59.4531],[24.828833,59.452967],[24.827649,59.452974],[24.823279,59.453262],[24.820759,59.453695],[24.817195,59.454079],[24.815601,59.453701],[24.816035,59.45452],[24.816398,59.456751],[24.814997,59.456801],[24.81037,59.456996],[24.810548,59.457199],[24.810958,59.457672],[24.811656,59.458415],[24.811747,59.458474],[24.811903,59.458563],[24.81209,59.458687],[24.812586,59.45898],[24.813058,59.459265],[24.813151,59.459315],[24.813259,59.459382],[24.813504,59.459519],[24.813646,59.459604],[24.813684,59.459634],[24.813747,59.459674],[24.813794,59.4597],[24.813922,59.459755],[24.813977,59.459792],[24.814174,59.459889],[24.81452,59.460086],[24.814927,59.460339],[24.81509,59.460416],[24.815529,59.460694],[24.815577,59.460728],[24.815725,59.460838],[24.815809,59.460907],[24.816065,59.461088],[24.816168,59.461167],[24.816239,59.46124],[24.816271,59.461287],[24.816297,59.461337],[24.816307,59.461374],[24.816294,59.461387],[24.81623,59.461423],[24.816097,59.461477],[24.81591,59.461582],[24.815891,59.461595],[24.815883,59.461607],[24.815895,59.461622],[24.815955,59.461649],[24.816027,59.461688],[24.816902,59.46222],[24.817021,59.462302],[24.817289,59.462461],[24.818996,59.463518],[24.819295,59.463707],[24.819884,59.464069],[24.820451,59.464428],[24.820661,59.46455],[24.820696,59.464564],[24.820726,59.465749],[24.820751,59.466733],[24.819945,59.467075],[24.819393,59.467304],[24.818947,59.467497],[24.81845,59.467706],[24.817979,59.467905],[24.817477,59.468113],[24.817318,59.468172],[24.816882,59.468353],[24.816876,59.46838],[24.816963,59.468684],[24.817468,59.470108],[24.817488,59.470113],[24.81763,59.4701],[24.817642,59.470091],[24.817615,59.470024],[24.817602,59.470019],[24.817553,59.47002],[24.816986,59.468412],[24.817968,59.46801],[24.818688,59.467705],[24.818874,59.467626],[24.819375,59.467423],[24.820669,59.466884],[24.821147,59.466671],[24.821241,59.466648],[24.822267,59.46683],[24.822826,59.466929],[24.822898,59.467136],[24.822932,59.467232],[24.823041,59.467219],[24.82306,59.467269],[24.822947,59.467283],[24.823077,59.46767],[24.8231,59.467737],[24.822489,59.467994],[24.821991,59.467684],[24.821589,59.467434],[24.821562,59.467445],[24.821535,59.467455],[24.821906,59.467685],[24.822439,59.468015],[24.82161,59.468362],[24.820707,59.467801],[24.820688,59.467808],[24.820657,59.46782],[24.821563,59.468381],[24.820467,59.468834],[24.819571,59.468282],[24.819541,59.468293],[24.819516,59.468303],[24.819495,59.468322],[24.819499,59.468365],[24.819874,59.468585],[24.821171,59.469401],[24.821264,59.469454],[24.821379,59.469513],[24.821495,59.469516],[24.821544,59.469495],[24.820638,59.468939],[24.820807,59.468874],[24.820983,59.4688],[24.821734,59.468485],[24.822634,59.469038],[24.822683,59.469018],[24.821787,59.468462],[24.822653,59.468097],[24.823182,59.468214],[24.823295,59.468238],[24.823325,59.468264],[24.823358,59.468394],[24.823475,59.468692],[24.82349,59.468701],[24.823925,59.468956],[24.824312,59.469183],[24.824987,59.469578],[24.824689,59.469694],[24.823139,59.470326],[24.822089,59.47076],[24.821896,59.470834],[24.82164,59.470938],[24.821618,59.470943],[24.821564,59.470948],[24.821474,59.470948],[24.820337,59.470879],[24.819962,59.470859],[24.819746,59.470854],[24.819573,59.470857],[24.819536,59.470854],[24.819513,59.470841],[24.819472,59.470828],[24.819424,59.470823],[24.819268,59.470821],[24.819177,59.470809],[24.8191,59.470786],[24.818371,59.470547],[24.818391,59.470526],[24.818384,59.470516],[24.818274,59.47048],[24.818255,59.470483],[24.818178,59.470551],[24.81818,59.47056],[24.818908,59.470797],[24.819001,59.470841],[24.819128,59.470889],[24.819292,59.470941],[24.819348,59.470949],[24.819405,59.470949],[24.819597,59.47093],[24.819672,59.470919],[24.81978,59.470916],[24.820155,59.470934],[24.820984,59.470981],[24.821034,59.470991],[24.821337,59.471018],[24.82138,59.471016],[24.821524,59.47103],[24.821568,59.47103],[24.821602,59.471027],[24.821664,59.471016],[24.821701,59.471003],[24.821724,59.470989],[24.821835,59.470946],[24.822104,59.47083],[24.822499,59.470677],[24.822766,59.47057],[24.823754,59.470165],[24.825076,59.469636],[24.825113,59.469625],[24.825157,59.469626],[24.825193,59.469637],[24.825226,59.469653],[24.825308,59.469703],[24.825322,59.469706],[24.825351,59.469703],[24.825442,59.469664],[24.825727,59.469554],[24.825874,59.46949],[24.825932,59.469452],[24.825991,59.469397],[24.826077,59.469288],[24.826102,59.469262],[24.826138,59.469245],[24.826193,59.469236],[24.82632,59.469246],[24.82641,59.469257],[24.826524,59.469277],[24.826655,59.469317],[24.8268,59.469378],[24.827018,59.469485],[24.827131,59.469552],[24.827307,59.469645],[24.82737,59.469674],[24.827696,59.469807],[24.827769,59.469844],[24.828173,59.470066],[24.828288,59.470146],[24.828357,59.470206],[24.828807,59.470538],[24.828872,59.470596],[24.829066,59.470768],[24.829183,59.470884],[24.829293,59.470974],[24.829558,59.471166],[24.829841,59.471403],[24.829908,59.471449],[24.830055,59.47157],[24.830215,59.471709],[24.830308,59.471797],[24.830415,59.471909],[24.830573,59.472047],[24.830666,59.472148],[24.830826,59.47233],[24.830886,59.472427],[24.830996,59.472568],[24.83109,59.472659],[24.831296,59.472901],[24.831344,59.472947],[24.831472,59.473051],[24.831631,59.473211],[24.831688,59.473263],[24.831757,59.473336],[24.831869,59.473443],[24.831951,59.473538],[24.832119,59.473699],[24.832168,59.473755],[24.832239,59.473842],[24.832378,59.473997],[24.832616,59.474283],[24.832885,59.474624],[24.832942,59.474683],[24.833118,59.474888],[24.833241,59.475065],[24.833301,59.475163],[24.833384,59.475269],[24.83349,59.475394],[24.833515,59.475437],[24.833542,59.475507],[24.833572,59.47555],[24.833622,59.4756],[24.833958,59.476019],[24.834167,59.476301],[24.834264,59.476442],[24.834283,59.476483],[24.834337,59.476557],[24.834381,59.476609],[24.834484,59.476755],[24.834542,59.476838],[24.834627,59.476976],[24.834682,59.47705],[24.834784,59.477226],[24.834827,59.47731],[24.834931,59.477481],[24.835022,59.477677],[24.835116,59.477849],[24.835167,59.47792],[24.83532,59.478179],[24.83553,59.478566],[24.835656,59.478781],[24.835695,59.47884],[24.835752,59.478963],[24.835891,59.479171],[24.835924,59.479264],[24.835979,59.479392],[24.836,59.479464],[24.836136,59.479803],[24.836353,59.480207],[24.836422,59.48039],[24.836437,59.480443],[24.836467,59.480508],[24.836565,59.480845],[24.836575,59.480893],[24.836582,59.480984],[24.836605,59.481083],[24.83662,59.481114],[24.83667,59.481168],[24.836693,59.481202],[24.836726,59.481341],[24.8368,59.481522],[24.836821,59.481574],[24.836832,59.481619],[24.836869,59.481709],[24.836918,59.481877],[24.836987,59.482057],[24.83701,59.482134],[24.83721,59.482602],[24.837229,59.482678],[24.837299,59.482869],[24.837305,59.482909],[24.837343,59.48303],[24.837374,59.483168],[24.837399,59.483239],[24.837473,59.483424],[24.837535,59.483526],[24.837553,59.483569],[24.837554,59.483599],[24.837574,59.483663],[24.837614,59.483745],[24.837652,59.48392],[24.83769,59.484027],[24.837686,59.484067],[24.837666,59.484143],[24.837662,59.484186],[24.837738,59.484558],[24.837759,59.484688],[24.837777,59.484739],[24.837829,59.485071],[24.837826,59.485348],[24.837835,59.485486],[24.837846,59.485651],[24.837831,59.48576],[24.837847,59.485872],[24.837843,59.48595],[24.837847,59.485997],[24.837867,59.486084],[24.837844,59.486298],[24.8378,59.486431],[24.837785,59.486533],[24.837788,59.486568],[24.837783,59.486592],[24.83777,59.486613],[24.837741,59.486637],[24.837729,59.486725],[24.837699,59.486833],[24.837601,59.487103],[24.837572,59.487152],[24.837517,59.487233],[24.837487,59.487264],[24.837433,59.487297],[24.837429,59.487323],[24.837437,59.487357],[24.83743,59.487379],[24.837395,59.487406],[24.837376,59.487438],[24.83735,59.487463],[24.83734,59.487479],[24.837327,59.487531],[24.837281,59.487592],[24.837262,59.48763],[24.83723,59.487668],[24.837168,59.487703],[24.837152,59.487722],[24.837145,59.487734],[24.837146,59.487776],[24.837112,59.487811],[24.837078,59.487834],[24.837054,59.487862],[24.837048,59.487908],[24.837033,59.487945],[24.837006,59.487988],[24.836874,59.48813],[24.836812,59.488187],[24.836786,59.48822],[24.836761,59.488255],[24.836751,59.488285],[24.836646,59.488469],[24.836596,59.488535],[24.836529,59.488622],[24.836459,59.488683],[24.836346,59.488758],[24.836304,59.488809],[24.836264,59.488872],[24.836089,59.489021],[24.83604,59.489057],[24.835983,59.489088],[24.835815,59.489146],[24.835765,59.489158],[24.835719,59.489161],[24.835618,59.489159],[24.835495,59.489168],[24.835271,59.489216],[24.835212,59.489225],[24.835097,59.489226],[24.835023,59.489232],[24.834929,59.489252],[24.834908,59.489258],[24.834845,59.489281],[24.834759,59.489308],[24.834646,59.489339],[24.834555,59.489359],[24.834472,59.489372],[24.834414,59.489386],[24.834388,59.489401],[24.834356,59.489425],[24.834326,59.489442],[24.834264,59.489465],[24.834209,59.489484],[24.834164,59.489507],[24.834133,59.489543],[24.834108,59.489577],[24.834075,59.489598],[24.834022,59.489612],[24.83396,59.489636],[24.833883,59.489664],[24.833797,59.489703],[24.83371,59.489724],[24.833661,59.489744],[24.833559,59.48982],[24.833486,59.489856],[24.833414,59.489885],[24.833349,59.489899],[24.833306,59.489918],[24.833245,59.489958],[24.833209,59.489972],[24.833098,59.489995],[24.832923,59.490058],[24.832908,59.490063],[24.832756,59.490123],[24.832556,59.49019],[24.832354,59.490277],[24.832316,59.490297],[24.832241,59.490311],[24.832194,59.490325],[24.832037,59.490394],[24.832001,59.490421],[24.831951,59.490486],[24.831934,59.490548],[24.831856,59.490616],[24.831793,59.490664],[24.831697,59.490727],[24.831421,59.490919],[24.831212,59.491041],[24.831155,59.491063],[24.83111,59.491077],[24.831051,59.491089],[24.830961,59.491118],[24.830875,59.491163],[24.830797,59.491189],[24.830609,59.491276],[24.830446,59.491333],[24.830334,59.491385],[24.830187,59.491443],[24.829911,59.491522],[24.829682,59.491582],[24.829305,59.49166],[24.829211,59.491658],[24.829163,59.491646],[24.829103,59.491623],[24.82895,59.491561],[24.828766,59.491476],[24.828703,59.491442],[24.828646,59.4914],[24.827882,59.491057],[24.827776,59.490988],[24.827705,59.49096],[24.827624,59.491006],[24.82697,59.490702],[24.826896,59.490739],[24.827557,59.49105],[24.827487,59.491099],[24.827562,59.491129],[24.827887,59.491289],[24.828215,59.491444],[24.828308,59.491487],[24.828382,59.491509],[24.828496,59.491565],[24.828514,59.491624],[24.828512,59.491691],[24.828499,59.491738],[24.828417,59.491869],[24.828268,59.492042],[24.827786,59.492533],[24.827734,59.492602],[24.827674,59.49271],[24.827615,59.49279],[24.827594,59.492829],[24.827482,59.492935],[24.827455,59.492954],[24.827434,59.492979],[24.827411,59.493044],[24.827372,59.493106],[24.827356,59.493124],[24.827319,59.493213],[24.827294,59.493339],[24.827292,59.493355],[24.827281,59.493462],[24.827267,59.493508],[24.827219,59.493594],[24.827165,59.493655],[24.827041,59.493822],[24.826862,59.494006],[24.826768,59.494069],[24.826742,59.494106],[24.826711,59.494136],[24.82669,59.494165],[24.826549,59.494272],[24.826402,59.494398],[24.82632,59.494456],[24.826153,59.494538],[24.82588,59.49469],[24.825831,59.494711],[24.825772,59.494742],[24.825735,59.494766],[24.825591,59.494892],[24.825504,59.494945]]],[[[24.823494,59.469129],[24.823475,59.469128],[24.823453,59.469129],[24.823432,59.469135],[24.822311,59.46959],[24.821774,59.469815],[24.82161,59.46988],[24.821587,59.469903],[24.821587,59.469917],[24.821603,59.469927],[24.821623,59.469928],[24.821645,59.469922],[24.822527,59.469571],[24.822939,59.469404],[24.823329,59.469237],[24.82352,59.469163],[24.823522,59.469147],[24.82351,59.469136],[24.823494,59.469129]]]]}},{"type":"Feature","id":"nomme","properties":{"id":"nomme","name":"Nõmme linnaosa","ehak":"0524","observed_on":"2026-09-02"},"geometry":{"type":"Polygon","coordinates":[[[24.626202,59.352182],[24.626031,59.352259],[24.625752,59.352403],[24.625664,59.352435],[24.625524,59.352468],[24.625356,59.35249],[24.625201,59.352494],[24.624987,59.352488],[24.624709,59.352472],[24.624558,59.352481],[24.624347,59.352518],[24.624138,59.352578],[24.623985,59.352655],[24.623801,59.352746],[24.623703,59.352797],[24.623567,59.352883],[24.623477,59.352923],[24.623044,59.353039],[24.622761,59.35311],[24.622502,59.353144],[24.622249,59.353184],[24.621994,59.353239],[24.621813,59.353292],[24.621691,59.353327],[24.621544,59.35335],[24.621383,59.35336],[24.62118,59.353358],[24.620753,59.35333],[24.620345,59.353324],[24.619953,59.353326],[24.619408,59.353336],[24.618903,59.353383],[24.618623,59.353433],[24.618198,59.35358],[24.618125,59.353604],[24.618021,59.353635],[24.617865,59.353681],[24.617693,59.353711],[24.617523,59.353711],[24.617369,59.353719],[24.61677,59.353706],[24.616196,59.353641],[24.615918,59.353578],[24.615796,59.353544],[24.615486,59.353373],[24.615406,59.353306],[24.615387,59.353238],[24.615403,59.353146],[24.615454,59.352958],[24.615465,59.352884],[24.615432,59.352736],[24.615376,59.35265],[24.615265,59.352586],[24.615089,59.352493],[24.61496,59.352453],[24.614789,59.352416],[24.614557,59.352389],[24.6143,59.352375],[24.614135,59.352376],[24.613843,59.352402],[24.613472,59.352454],[24.613058,59.352524],[24.612621,59.352648],[24.612379,59.352727],[24.612227,59.352768],[24.612161,59.352778],[24.612083,59.352958],[24.611675,59.354255],[24.611817,59.354243],[24.613723,59.354106],[24.614509,59.354408],[24.613881,59.355736],[24.610873,59.356034],[24.611777,59.358291],[24.612712,59.360632],[24.612914,59.361189],[24.613713,59.363159],[24.613855,59.363511],[24.613881,59.363579],[24.613929,59.363688],[24.614629,59.365336],[24.614936,59.366079],[24.616636,59.370143],[24.617601,59.372341],[24.61842,59.374216],[24.619178,59.375968],[24.619965,59.37781],[24.62037,59.378691],[24.621428,59.381198],[24.622253,59.383064],[24.623043,59.385008],[24.623491,59.386084],[24.627006,59.386347],[24.625273,59.387186],[24.620078,59.388531],[24.62213,59.390589],[24.625133,59.389887],[24.625531,59.390526],[24.625994,59.391169],[24.626687,59.391863],[24.627595,59.39247],[24.628659,59.392961],[24.630281,59.393524],[24.63632,59.394642],[24.638856,59.39512],[24.6392,59.395191],[24.639506,59.394976],[24.641279,59.393681],[24.643377,59.393472],[24.648637,59.392962],[24.651678,59.393462],[24.651813,59.393499],[24.651819,59.393486],[24.652172,59.393517],[24.652897,59.392853],[24.65568,59.393585],[24.655921,59.39363],[24.655663,59.393917],[24.656245,59.394059],[24.657269,59.394407],[24.658631,59.394295],[24.658981,59.394131],[24.659163,59.394125],[24.658879,59.393368],[24.660048,59.393256],[24.660625,59.393196],[24.661281,59.393129],[24.662704,59.393295],[24.663917,59.391224],[24.673408,59.39254],[24.674179,59.392637],[24.674402,59.392515],[24.674711,59.392383],[24.675155,59.39225],[24.676575,59.391907],[24.678666,59.391399],[24.678926,59.391518],[24.681195,59.391006],[24.684179,59.391851],[24.684442,59.391961],[24.684732,59.392073],[24.685045,59.392112],[24.687328,59.392367],[24.687584,59.392461],[24.68894,59.392917],[24.6896,59.393073],[24.689703,59.393069],[24.692024,59.392787],[24.69213,59.392785],[24.696185,59.393081],[24.696072,59.392552],[24.696474,59.392713],[24.696699,59.392772],[24.696941,59.392833],[24.69711,59.392863],[24.697822,59.392933],[24.69852,59.392964],[24.699322,59.392991],[24.69988,59.393048],[24.700417,59.393132],[24.701556,59.393331],[24.70194,59.393406],[24.702437,59.393503],[24.703807,59.393703],[24.704778,59.393843],[24.705437,59.393925],[24.707251,59.393986],[24.708378,59.394016],[24.708793,59.394027],[24.709028,59.394455],[24.709339,59.394491],[24.709866,59.394505],[24.710402,59.394526],[24.712533,59.394701],[24.713239,59.394735],[24.713621,59.394766],[24.714223,59.394846],[24.714614,59.394618],[24.715784,59.393993],[24.716447,59.39364],[24.717079,59.393302],[24.717327,59.393417],[24.718384,59.393961],[24.718861,59.394258],[24.720075,59.395066],[24.721562,59.394462],[24.723764,59.393914],[24.725486,59.393783],[24.726984,59.392849],[24.727402,59.392562],[24.7279,59.39318],[24.728788,59.394301],[24.73018,59.394013],[24.731218,59.393803],[24.732122,59.39253],[24.733257,59.390594],[24.733363,59.390418],[24.735309,59.388599],[24.73859,59.385597],[24.739909,59.384723],[24.742063,59.382655],[24.747544,59.377471],[24.748179,59.376731],[24.748805,59.376405],[24.760541,59.374926],[24.761059,59.373415],[24.761683,59.371609],[24.762172,59.370124],[24.76297,59.367752],[24.764962,59.366083],[24.766295,59.365117],[24.768303,59.363762],[24.770548,59.362189],[24.773562,59.36009],[24.770878,59.359974],[24.767928,59.359893],[24.767404,59.359867],[24.763391,59.359699],[24.758803,59.359533],[24.749763,59.359201],[24.740968,59.358864],[24.732198,59.358534],[24.723431,59.358197],[24.714671,59.357869],[24.716485,59.360383],[24.719112,59.364023],[24.717377,59.364063],[24.715939,59.364097],[24.714447,59.364133],[24.714074,59.363295],[24.707518,59.364895],[24.707161,59.364555],[24.702342,59.362128],[24.697081,59.357953],[24.696039,59.356265],[24.68998,59.358401],[24.671601,59.364875],[24.659489,59.362675],[24.655341,59.358405],[24.65164,59.356387],[24.65167,59.3563],[24.651645,59.356294],[24.651488,59.356237],[24.651157,59.356063],[24.651014,59.355992],[24.650654,59.355734],[24.65029,59.355528],[24.650211,59.355481],[24.650001,59.355356],[24.649687,59.355196],[24.649572,59.355148],[24.649315,59.35504],[24.649062,59.354952],[24.648767,59.354864],[24.648428,59.354795],[24.648223,59.354772],[24.648153,59.354764],[24.647565,59.35471],[24.647453,59.354697],[24.647333,59.354688],[24.647158,59.354684],[24.646982,59.354687],[24.646878,59.354696],[24.646789,59.354718],[24.646725,59.35478],[24.646705,59.354832],[24.646674,59.354887],[24.646626,59.354943],[24.646594,59.354963],[24.646528,59.354984],[24.646448,59.354995],[24.64623,59.355006],[24.646157,59.355019],[24.64607,59.355065],[24.645888,59.355134],[24.645797,59.355182],[24.645712,59.355207],[24.645527,59.35524],[24.645207,59.355251],[24.645111,59.355244],[24.644977,59.35523],[24.644885,59.355205],[24.644797,59.355161],[24.644732,59.35512],[24.644654,59.355078],[24.644489,59.355031],[24.644371,59.355005],[24.644288,59.354979],[24.644005,59.354873],[24.6437,59.354794],[24.643631,59.35476],[24.643623,59.354716],[24.643641,59.354684],[24.64376,59.354559],[24.643762,59.354493],[24.643753,59.354437],[24.643719,59.354382],[24.643648,59.354352],[24.643553,59.354337],[24.643326,59.354362],[24.642986,59.354417],[24.642893,59.354418],[24.642828,59.354389],[24.642797,59.354352],[24.642789,59.354193],[24.642773,59.354159],[24.642705,59.354135],[24.642578,59.354119],[24.642465,59.354116],[24.642353,59.354122],[24.642273,59.354118],[24.642202,59.354087],[24.642119,59.354011],[24.642096,59.353963],[24.641932,59.353863],[24.64178,59.353817],[24.64172,59.353819],[24.641627,59.353845],[24.641507,59.353894],[24.641335,59.353951],[24.641129,59.354003],[24.640933,59.354029],[24.640526,59.354031],[24.64029,59.354008],[24.639912,59.353937],[24.639508,59.353839],[24.639142,59.353741],[24.639015,59.353707],[24.638759,59.353648],[24.638677,59.35363],[24.638531,59.353601],[24.638437,59.353582],[24.638325,59.353553],[24.638178,59.35354],[24.637946,59.353551],[24.637401,59.353566],[24.637121,59.353564],[24.637033,59.353562],[24.636986,59.353593],[24.636938,59.353615],[24.636494,59.353706],[24.636012,59.353792],[24.635791,59.353805],[24.635763,59.353824],[24.635581,59.35388],[24.634904,59.353955],[24.634722,59.353967],[24.634575,59.353967],[24.634384,59.353948],[24.634215,59.353925],[24.634175,59.353802],[24.634126,59.35375],[24.634094,59.353701],[24.634102,59.35365],[24.634183,59.353594],[24.634421,59.353485],[24.634445,59.353411],[24.634427,59.353365],[24.634376,59.353323],[24.634275,59.353302],[24.634081,59.353303],[24.633685,59.353338],[24.633504,59.353353],[24.633212,59.353371],[24.633084,59.353358],[24.632985,59.353324],[24.632936,59.353291],[24.632903,59.353245],[24.632896,59.353178],[24.632968,59.352987],[24.632972,59.352921],[24.632936,59.352888],[24.632686,59.352843],[24.632586,59.352839],[24.632359,59.352862],[24.632269,59.352884],[24.632126,59.352952],[24.632017,59.353073],[24.631723,59.353292],[24.631607,59.353245],[24.631502,59.353176],[24.631202,59.35294],[24.63109,59.352876],[24.630929,59.352797],[24.630743,59.352666],[24.630648,59.352571],[24.630422,59.352425],[24.630227,59.352276],[24.630041,59.352153],[24.629845,59.352056],[24.629764,59.351982],[24.629701,59.351959],[24.629659,59.351946],[24.629608,59.351931],[24.629528,59.351915],[24.629457,59.351906],[24.629299,59.351887],[24.629247,59.351882],[24.628964,59.351803],[24.628912,59.351801],[24.628115,59.351925],[24.628082,59.351923],[24.627935,59.351913],[24.627783,59.351939],[24.627681,59.351981],[24.627593,59.352011],[24.62746,59.352023],[24.627336,59.352034],[24.627141,59.352049],[24.627044,59.352055],[24.626948,59.35206],[24.626603,59.352099],[24.626394,59.352134],[24.626202,59.352182]]]}},{"type":"Feature","id":"lasnamae","properties":{"id":"lasnamae","name":"Lasnamäe linnaosa","ehak":"0387","observed_on":"2026-09-02"},"geometry":{"type":"Polygon","coordinates":[[[24.811846,59.44557],[24.812447,59.446159],[24.812879,59.446955],[24.813347,59.450273],[24.813158,59.450718],[24.813039,59.451385],[24.81301,59.451771],[24.81331,59.4523],[24.815601,59.453701],[24.817195,59.454079],[24.820759,59.453695],[24.823279,59.453262],[24.827649,59.452974],[24.828833,59.452967],[24.830889,59.4531],[24.832922,59.453053],[24.834125,59.452934],[24.836255,59.452642],[24.839763,59.452248],[24.841296,59.452402],[24.842733,59.452234],[24.844426,59.451937],[24.847373,59.451431],[24.849954,59.451467],[24.851396,59.45168],[24.852905,59.452115],[24.853187,59.452311],[24.853656,59.452613],[24.854751,59.453103],[24.856757,59.453601],[24.861747,59.454785],[24.864213,59.454887],[24.865649,59.455039],[24.868805,59.45514],[24.869792,59.455146],[24.876383,59.454864],[24.877002,59.454859],[24.87713,59.454864],[24.880277,59.455],[24.883112,59.454982],[24.884163,59.454949],[24.884403,59.454964],[24.884794,59.454957],[24.887963,59.454812],[24.89104,59.45455],[24.893309,59.45447],[24.894492,59.454604],[24.897511,59.455444],[24.898575,59.455821],[24.899549,59.456354],[24.899639,59.456418],[24.900217,59.456895],[24.90114,59.458313],[24.901493,59.458704],[24.902141,59.459247],[24.902661,59.459505],[24.903861,59.460119],[24.904854,59.460363],[24.905479,59.460563],[24.905493,59.460324],[24.905579,59.458853],[24.90443,59.45728],[24.904932,59.456936],[24.905207,59.456748],[24.906097,59.456954],[24.907105,59.457187],[24.907964,59.457138],[24.907957,59.457166],[24.908236,59.457155],[24.90857,59.457103],[24.908566,59.45709],[24.908732,59.457044],[24.908898,59.456999],[24.909254,59.456785],[24.909291,59.456586],[24.909248,59.456389],[24.908929,59.455062],[24.90896,59.454722],[24.909117,59.454547],[24.909522,59.454326],[24.91025,59.454038],[24.910833,59.453851],[24.911168,59.453705],[24.911373,59.453459],[24.911494,59.453227],[24.911441,59.452525],[24.911396,59.452318],[24.911029,59.451885],[24.910427,59.451564],[24.910134,59.451261],[24.910122,59.451246],[24.910117,59.451217],[24.910104,59.451142],[24.910115,59.451009],[24.910412,59.450423],[24.910613,59.450013],[24.910856,59.449757],[24.911275,59.449416],[24.911652,59.449023],[24.911744,59.448839],[24.91179,59.448608],[24.911743,59.4485],[24.91148,59.448147],[24.911167,59.447559],[24.911104,59.447167],[24.911083,59.446922],[24.911242,59.446774],[24.911791,59.44659],[24.912816,59.446357],[24.913352,59.446191],[24.914446,59.445933],[24.914733,59.445818],[24.914911,59.445602],[24.915041,59.44545],[24.91505,59.445434],[24.915069,59.445377],[24.915083,59.445334],[24.915099,59.445239],[24.91514,59.444997],[24.915159,59.444882],[24.915177,59.444835],[24.915251,59.444591],[24.91543,59.444407],[24.915786,59.444041],[24.91596,59.443832],[24.916205,59.443688],[24.916438,59.443555],[24.916549,59.443466],[24.916752,59.443346],[24.916789,59.443337],[24.91709,59.443033],[24.917212,59.442881],[24.917375,59.442678],[24.917264,59.442228],[24.917296,59.441992],[24.917182,59.441678],[24.917096,59.441521],[24.917057,59.441452],[24.917021,59.441351],[24.916995,59.441212],[24.917,59.440992],[24.917031,59.440808],[24.917037,59.440708],[24.917088,59.43991],[24.917123,59.439751],[24.917219,59.439584],[24.917277,59.439524],[24.917368,59.439455],[24.917485,59.439392],[24.917595,59.439342],[24.917679,59.439323],[24.917907,59.439258],[24.91813,59.439213],[24.918357,59.439145],[24.918566,59.43908],[24.918957,59.438969],[24.919146,59.43892],[24.91925,59.438903],[24.919324,59.438909],[24.919347,59.438933],[24.919342,59.438973],[24.919326,59.439031],[24.919353,59.439106],[24.919395,59.439154],[24.919467,59.439217],[24.919583,59.439304],[24.919717,59.43941],[24.919777,59.439472],[24.920178,59.439511],[24.920355,59.439523],[24.920516,59.439509],[24.92139,59.439344],[24.922082,59.439097],[24.92237,59.438891],[24.92286,59.438564],[24.922984,59.438432],[24.923029,59.43836],[24.923113,59.438226],[24.923213,59.437867],[24.923233,59.437808],[24.923313,59.43763],[24.923382,59.437475],[24.923612,59.437039],[24.923799,59.436836],[24.923935,59.436689],[24.924127,59.436517],[24.924547,59.436141],[24.924876,59.435902],[24.925162,59.435795],[24.925263,59.435757],[24.925862,59.435588],[24.926284,59.435502],[24.926002,59.435294],[24.923678,59.433434],[24.922858,59.43275],[24.921949,59.432176],[24.91922,59.431571],[24.918862,59.431494],[24.915765,59.430931],[24.911968,59.430216],[24.907606,59.429414],[24.904438,59.428824],[24.901393,59.428471],[24.897619,59.428038],[24.897357,59.428008],[24.893954,59.42762],[24.888461,59.426986],[24.887343,59.426769],[24.884713,59.426185],[24.881388,59.425442],[24.87954,59.424874],[24.874794,59.423858],[24.873019,59.42343],[24.869887,59.422664],[24.868788,59.421404],[24.86897,59.420764],[24.869235,59.419832],[24.869407,59.419286],[24.869506,59.418961],[24.869695,59.418399],[24.870741,59.418336],[24.870578,59.417181],[24.870575,59.415987],[24.870432,59.415975],[24.87044,59.415952],[24.870485,59.415812],[24.870923,59.414396],[24.870771,59.413613],[24.870595,59.412705],[24.870254,59.410966],[24.870183,59.410736],[24.867756,59.410693],[24.862625,59.410588],[24.85876,59.410512],[24.855039,59.410426],[24.851708,59.410366],[24.843711,59.410203],[24.839784,59.410124],[24.836105,59.410552],[24.832774,59.411002],[24.829262,59.411448],[24.827557,59.41166],[24.824789,59.411993],[24.82038,59.410264],[24.820232,59.41018],[24.819282,59.409647],[24.819052,59.409516],[24.815693,59.411223],[24.815359,59.411365],[24.814928,59.411528],[24.814393,59.411686],[24.813817,59.412092],[24.811066,59.412076],[24.808315,59.412072],[24.803968,59.412256],[24.802513,59.412291],[24.801688,59.412381],[24.80151,59.412332],[24.798939,59.414555],[24.795776,59.417256],[24.792293,59.419763],[24.79246,59.420145],[24.792086,59.420331],[24.791364,59.420676],[24.790701,59.420961],[24.789858,59.421486],[24.788964,59.422047],[24.78861,59.422344],[24.787484,59.423154],[24.786958,59.423531],[24.786976,59.423603],[24.787178,59.423881],[24.786999,59.42448],[24.786683,59.424523],[24.78513,59.424654],[24.784382,59.424958],[24.781763,59.426019],[24.78163,59.425953],[24.780895,59.426255],[24.780326,59.426538],[24.779495,59.426961],[24.779279,59.427153],[24.779986,59.427115],[24.780304,59.427137],[24.78093,59.427395],[24.782016,59.428175],[24.782994,59.428991],[24.783518,59.429411],[24.784156,59.429875],[24.78464,59.430186],[24.784898,59.430304],[24.785246,59.430492],[24.785569,59.430647],[24.78669,59.431313],[24.788283,59.432259],[24.790293,59.433419],[24.791477,59.43387],[24.79168,59.433931],[24.791865,59.433981],[24.792058,59.434028],[24.792418,59.43409],[24.793009,59.43418],[24.793813,59.434504],[24.793832,59.43511],[24.794278,59.435179],[24.795044,59.435283],[24.796231,59.435367],[24.796722,59.435393],[24.797215,59.435401],[24.798273,59.435391],[24.798555,59.436551],[24.798763,59.43664],[24.79994,59.437204],[24.799925,59.437218],[24.803975,59.439066],[24.806927,59.440409],[24.80789,59.440878],[24.80906,59.441489],[24.812188,59.443128],[24.812481,59.443537],[24.812799,59.444042],[24.81298,59.444174],[24.813305,59.444377],[24.813646,59.44457],[24.813979,59.444709],[24.814306,59.444826],[24.814534,59.444893],[24.814581,59.445104],[24.813767,59.44515],[24.811846,59.44557]]]}},{"type":"Feature","id":"kristiine","properties":{"id":"kristiine","name":"Kristiine linnaosa","ehak":"0339","observed_on":"2026-09-02"},"geometry":{"type":"Polygon","coordinates":[[[24.673696,59.418964],[24.673926,59.419309],[24.674976,59.420205],[24.676184,59.421234],[24.679902,59.424433],[24.683958,59.423046],[24.685212,59.42435],[24.686243,59.424003],[24.687076,59.423713],[24.687657,59.424183],[24.68798,59.42455],[24.688252,59.424828],[24.68849,59.425064],[24.688891,59.425149],[24.689077,59.425263],[24.689302,59.425512],[24.689319,59.425552],[24.690086,59.425689],[24.692026,59.425725],[24.692375,59.425726],[24.692743,59.425733],[24.693097,59.425746],[24.693972,59.425762],[24.694505,59.425766],[24.696147,59.427555],[24.697198,59.427417],[24.698437,59.427121],[24.698752,59.427465],[24.698862,59.427634],[24.699117,59.428141],[24.699838,59.429465],[24.700679,59.429404],[24.701644,59.429335],[24.703749,59.429402],[24.703762,59.429361],[24.704289,59.429406],[24.705468,59.429728],[24.705753,59.429832],[24.706174,59.429928],[24.706556,59.430015],[24.706775,59.430065],[24.706889,59.430098],[24.707133,59.430175],[24.709571,59.430952],[24.709648,59.43089],[24.711516,59.431467],[24.713511,59.432174],[24.715146,59.432691],[24.716446,59.432882],[24.71679,59.432984],[24.717143,59.433093],[24.7175,59.433203],[24.717934,59.433334],[24.71819,59.433299],[24.718673,59.433397],[24.720435,59.43372],[24.721432,59.433899],[24.722005,59.434015],[24.722077,59.434028],[24.723244,59.434238],[24.723704,59.43432],[24.723625,59.434033],[24.723408,59.433174],[24.723334,59.432807],[24.723293,59.432479],[24.723345,59.431977],[24.723433,59.431549],[24.724039,59.430411],[24.724907,59.429246],[24.725332,59.428676],[24.725963,59.427923],[24.726431,59.427369],[24.72729,59.426398],[24.728586,59.425028],[24.728678,59.424444],[24.728869,59.424213],[24.729674,59.42305],[24.729827,59.422778],[24.730837,59.420925],[24.732029,59.418336],[24.733656,59.414829],[24.733988,59.414109],[24.734191,59.413467],[24.734256,59.413152],[24.734282,59.412529],[24.734261,59.412177],[24.734214,59.41156],[24.734167,59.411482],[24.734014,59.411296],[24.733949,59.411171],[24.733889,59.411072],[24.733653,59.410663],[24.733414,59.410297],[24.733181,59.409985],[24.732814,59.409552],[24.733,59.40951],[24.732073,59.408456],[24.731538,59.40784],[24.731431,59.407863],[24.731251,59.407647],[24.73117,59.407665],[24.730709,59.407111],[24.73079,59.40708],[24.730665,59.406989],[24.730558,59.406878],[24.730203,59.406482],[24.730315,59.406453],[24.728934,59.404934],[24.7278,59.403788],[24.727101,59.403082],[24.726966,59.402945],[24.726519,59.402434],[24.727738,59.402594],[24.729323,59.402803],[24.730151,59.402903],[24.730094,59.402837],[24.729571,59.402175],[24.729203,59.401519],[24.728764,59.400967],[24.725347,59.394147],[24.725486,59.393783],[24.723764,59.393914],[24.721562,59.394462],[24.720075,59.395066],[24.718861,59.394258],[24.718384,59.393961],[24.717327,59.393417],[24.717079,59.393302],[24.716447,59.39364],[24.715784,59.393993],[24.714614,59.394618],[24.714223,59.394846],[24.713621,59.394766],[24.713239,59.394735],[24.712533,59.394701],[24.710402,59.394526],[24.709866,59.394505],[24.709339,59.394491],[24.709028,59.394455],[24.708793,59.394027],[24.708378,59.394016],[24.707251,59.393986],[24.705437,59.393925],[24.704778,59.393843],[24.703807,59.393703],[24.702437,59.393503],[24.70194,59.393406],[24.701928,59.393923],[24.702592,59.395189],[24.702443,59.395244],[24.702585,59.395383],[24.703319,59.395115],[24.703751,59.395395],[24.704691,59.396113],[24.704716,59.396104],[24.705365,59.396583],[24.705539,59.396759],[24.705811,59.397209],[24.705866,59.397441],[24.705953,59.398106],[24.706316,59.400958],[24.706282,59.400997],[24.706329,59.401268],[24.706347,59.402006],[24.706424,59.402292],[24.707191,59.402962],[24.706775,59.403162],[24.707193,59.403537],[24.707701,59.404138],[24.708262,59.404668],[24.708544,59.404843],[24.709369,59.405408],[24.709795,59.40578],[24.710231,59.40624],[24.710525,59.406542],[24.710046,59.406662],[24.709839,59.406634],[24.709648,59.407063],[24.709324,59.407735],[24.708908,59.408624],[24.707621,59.408929],[24.707273,59.409706],[24.707354,59.40979],[24.707275,59.409808],[24.707096,59.409884],[24.706031,59.410105],[24.706236,59.410362],[24.705167,59.410602],[24.701648,59.411386],[24.699019,59.411899],[24.697413,59.412268],[24.690541,59.413908],[24.690814,59.414256],[24.689117,59.414688],[24.689107,59.414677],[24.684518,59.415856],[24.684223,59.415941],[24.682761,59.416317],[24.681045,59.416756],[24.680646,59.416904],[24.679626,59.416926],[24.679451,59.416937],[24.67855,59.416916],[24.677632,59.417307],[24.676827,59.417645],[24.673696,59.418964]]]}},{"type":"Feature","id":"mustamae","properties":{"id":"mustamae","name":"Mustamäe linnaosa","ehak":"0482","observed_on":"2026-09-02"},"geometry":{"type":"Polygon","coordinates":[[[24.6392,59.395191],[24.639892,59.395326],[24.640231,59.39543],[24.640739,59.395615],[24.641666,59.395944],[24.64244,59.396319],[24.643225,59.396908],[24.643937,59.397557],[24.644459,59.398341],[24.644691,59.398724],[24.644845,59.399433],[24.64483,59.399864],[24.644696,59.400174],[24.644122,59.401342],[24.643932,59.40178],[24.643831,59.402226],[24.643822,59.402675],[24.643866,59.402919],[24.64401,59.403509],[24.644151,59.403852],[24.644296,59.404083],[24.645214,59.405061],[24.646068,59.40573],[24.646534,59.406072],[24.647252,59.406487],[24.648609,59.407121],[24.649361,59.407446],[24.649719,59.407454],[24.651443,59.408196],[24.655285,59.4099],[24.660283,59.412128],[24.66095,59.412469],[24.6616,59.412763],[24.662489,59.413132],[24.663021,59.41332],[24.668069,59.415553],[24.669261,59.41608],[24.669993,59.416368],[24.671319,59.417229],[24.672782,59.418184],[24.672823,59.418219],[24.673696,59.418964],[24.676827,59.417645],[24.677632,59.417307],[24.67855,59.416916],[24.679451,59.416937],[24.679626,59.416926],[24.680646,59.416904],[24.681045,59.416756],[24.682761,59.416317],[24.684223,59.415941],[24.684518,59.415856],[24.689107,59.414677],[24.689117,59.414688],[24.690814,59.414256],[24.690541,59.413908],[24.697413,59.412268],[24.699019,59.411899],[24.701648,59.411386],[24.705167,59.410602],[24.706236,59.410362],[24.706031,59.410105],[24.707096,59.409884],[24.707275,59.409808],[24.707354,59.40979],[24.707273,59.409706],[24.707621,59.408929],[24.708908,59.408624],[24.709324,59.407735],[24.709648,59.407063],[24.709839,59.406634],[24.710046,59.406662],[24.710525,59.406542],[24.710231,59.40624],[24.709795,59.40578],[24.709369,59.405408],[24.708544,59.404843],[24.708262,59.404668],[24.707701,59.404138],[24.707193,59.403537],[24.706775,59.403162],[24.707191,59.402962],[24.706424,59.402292],[24.706347,59.402006],[24.706329,59.401268],[24.706282,59.400997],[24.706316,59.400958],[24.705953,59.398106],[24.705866,59.397441],[24.705811,59.397209],[24.705539,59.396759],[24.705365,59.396583],[24.704716,59.396104],[24.704691,59.396113],[24.703751,59.395395],[24.703319,59.395115],[24.702585,59.395383],[24.702443,59.395244],[24.702592,59.395189],[24.701928,59.393923],[24.70194,59.393406],[24.701556,59.393331],[24.700417,59.393132],[24.69988,59.393048],[24.699322,59.392991],[24.69852,59.392964],[24.697822,59.392933],[24.69711,59.392863],[24.696941,59.392833],[24.696699,59.392772],[24.696474,59.392713],[24.696072,59.392552],[24.696185,59.393081],[24.69213,59.392785],[24.692024,59.392787],[24.689703,59.393069],[24.6896,59.393073],[24.68894,59.392917],[24.687584,59.392461],[24.687328,59.392367],[24.685045,59.392112],[24.684732,59.392073],[24.684442,59.391961],[24.684179,59.391851],[24.681195,59.391006],[24.678926,59.391518],[24.678666,59.391399],[24.676575,59.391907],[24.675155,59.39225],[24.674711,59.392383],[24.674402,59.392515],[24.674179,59.392637],[24.673408,59.39254],[24.663917,59.391224],[24.662704,59.393295],[24.661281,59.393129],[24.660625,59.393196],[24.660048,59.393256],[24.658879,59.393368],[24.659163,59.394125],[24.658981,59.394131],[24.658631,59.394295],[24.657269,59.394407],[24.656245,59.394059],[24.655663,59.393917],[24.655921,59.39363],[24.65568,59.393585],[24.652897,59.392853],[24.652172,59.393517],[24.651819,59.393486],[24.651813,59.393499],[24.651678,59.393462],[24.648637,59.392962],[24.643377,59.393472],[24.641279,59.393681],[24.639506,59.394976],[24.6392,59.395191]]]}},{"type":"Feature","id":"pohja-tallinn","properties":{"id":"pohja-tallinn","name":"Põhja-Tallinna linnaosa","ehak":"0614","observed_on":"2026-09-02"},"geometry":{"type":"MultiPolygon","coordinates":[[[[24.753779,59.448481],[24.753779,59.448481],[24.753781,59.448318],[24.753919,59.447329],[24.75502,59.447362],[24.755168,59.446503],[24.755247,59.446004],[24.754151,59.445964],[24.754335,59.444639],[24.753255,59.4446],[24.753138,59.444404],[24.753179,59.44411],[24.75314,59.444028],[24.753012,59.443944],[24.753154,59.443529],[24.749665,59.443859],[24.748593,59.443946],[24.746805,59.44414],[24.746354,59.443991],[24.746081,59.443921],[24.74585,59.443859],[24.745519,59.443769],[24.745224,59.44358],[24.744476,59.442414],[24.744236,59.442298],[24.744174,59.442272],[24.743811,59.442101],[24.743135,59.441801],[24.742131,59.441409],[24.741362,59.441116],[24.741327,59.44108],[24.741291,59.441063],[24.741048,59.440967],[24.739435,59.440355],[24.739141,59.44026],[24.738783,59.440094],[24.738545,59.440033],[24.737059,59.439562],[24.736778,59.439449],[24.736167,59.439262],[24.73605,59.439194],[24.735914,59.439102],[24.735588,59.438961],[24.735145,59.43876],[24.734733,59.438552],[24.734455,59.438361],[24.73424,59.438203],[24.734123,59.438124],[24.734087,59.438077],[24.733382,59.437249],[24.732927,59.436737],[24.732791,59.436594],[24.732489,59.436486],[24.73247,59.436228],[24.732338,59.436125],[24.73267,59.435043],[24.732583,59.434983],[24.73148,59.435043],[24.730646,59.435093],[24.730121,59.435099],[24.729785,59.435094],[24.728147,59.43492],[24.727746,59.434888],[24.726646,59.43481],[24.726306,59.434783],[24.725556,59.434677],[24.724875,59.434577],[24.723704,59.43432],[24.723244,59.434238],[24.722077,59.434028],[24.722005,59.434015],[24.721432,59.433899],[24.720435,59.43372],[24.718673,59.433397],[24.71819,59.433299],[24.717934,59.433334],[24.7175,59.433203],[24.717143,59.433093],[24.71679,59.432984],[24.716446,59.432882],[24.715146,59.432691],[24.713511,59.432174],[24.711516,59.431467],[24.709648,59.43089],[24.709571,59.430952],[24.707133,59.430175],[24.706889,59.430098],[24.706775,59.430065],[24.706556,59.430015],[24.706174,59.429928],[24.705753,59.429832],[24.705468,59.429728],[24.704289,59.429406],[24.703762,59.429361],[24.703749,59.429402],[24.701644,59.429335],[24.700679,59.429404],[24.699838,59.429465],[24.697222,59.429655],[24.696725,59.429684],[24.696563,59.429688],[24.695864,59.429727],[24.693115,59.429891],[24.6931,59.429959],[24.691352,59.429996],[24.691102,59.430001],[24.690149,59.429994],[24.690068,59.429995],[24.688464,59.429948],[24.688135,59.430285],[24.687934,59.430331],[24.687141,59.431164],[24.68651,59.431866],[24.685373,59.432941],[24.682669,59.435705],[24.679663,59.436713],[24.679675,59.436715],[24.679731,59.43672],[24.67978,59.436737],[24.679825,59.436766],[24.680097,59.436964],[24.680358,59.437189],[24.680773,59.437627],[24.681013,59.437997],[24.681139,59.438239],[24.681262,59.438543],[24.681648,59.439245],[24.681769,59.43942],[24.681835,59.439531],[24.681891,59.439647],[24.682036,59.440015],[24.682111,59.440141],[24.6822,59.440252],[24.682266,59.440318],[24.682362,59.440459],[24.682935,59.44151],[24.682992,59.441641],[24.683004,59.441701],[24.683034,59.441793],[24.68307,59.441845],[24.683195,59.441996],[24.683275,59.442103],[24.683524,59.442461],[24.683646,59.442661],[24.683992,59.443265],[24.684089,59.443468],[24.684118,59.443554],[24.684227,59.44382],[24.684356,59.444112],[24.684338,59.44416],[24.684307,59.444181],[24.684291,59.444204],[24.684299,59.44426],[24.684343,59.444376],[24.684363,59.444443],[24.684388,59.444598],[24.684383,59.444737],[24.684355,59.444968],[24.684348,59.445161],[24.684351,59.445295],[24.684369,59.445436],[24.684379,59.445469],[24.684386,59.445523],[24.684376,59.445649],[24.684387,59.445777],[24.684363,59.445863],[24.684359,59.445988],[24.684364,59.446029],[24.684359,59.446076],[24.684326,59.446175],[24.684296,59.446219],[24.684267,59.446283],[24.684268,59.446314],[24.684229,59.446474],[24.684135,59.446663],[24.683998,59.446908],[24.683954,59.447005],[24.683929,59.447077],[24.683881,59.447241],[24.683846,59.447397],[24.683822,59.44759],[24.683755,59.447939],[24.68366,59.448212],[24.683634,59.448265],[24.683542,59.448504],[24.683519,59.44855],[24.683495,59.448667],[24.683457,59.448806],[24.683449,59.448858],[24.683398,59.449052],[24.683354,59.449149],[24.683322,59.449183],[24.683262,59.449263],[24.683091,59.449384],[24.682851,59.449507],[24.682631,59.449587],[24.682435,59.449675],[24.682257,59.449749],[24.682119,59.4498],[24.681904,59.449862],[24.681696,59.449932],[24.681647,59.449954],[24.681622,59.449972],[24.681594,59.449983],[24.681238,59.450075],[24.681191,59.450096],[24.681083,59.450129],[24.681011,59.450158],[24.680779,59.450232],[24.680761,59.450241],[24.680723,59.450252],[24.680679,59.450258],[24.68063,59.450269],[24.68049,59.450286],[24.680431,59.450301],[24.680345,59.450312],[24.680265,59.450331],[24.680191,59.450333],[24.680004,59.450363],[24.679955,59.450368],[24.679901,59.450368],[24.679843,59.450378],[24.679799,59.450381],[24.679656,59.450379],[24.679576,59.450395],[24.679534,59.4504],[24.679288,59.450404],[24.679212,59.450408],[24.679177,59.450406],[24.679131,59.450398],[24.679008,59.450368],[24.67896,59.450352],[24.678925,59.450345],[24.678845,59.45034],[24.678786,59.45033],[24.678663,59.450294],[24.678571,59.450271],[24.678528,59.450261],[24.67848,59.450257],[24.678445,59.450255],[24.678351,59.450264],[24.67795,59.450285],[24.677754,59.450289],[24.677668,59.450288],[24.677582,59.450286],[24.677274,59.450265],[24.677222,59.450257],[24.677149,59.45024],[24.677019,59.450201],[24.676981,59.450191],[24.676889,59.450185],[24.676742,59.45018],[24.676629,59.450186],[24.676587,59.450185],[24.676526,59.45018],[24.676472,59.450167],[24.676426,59.450153],[24.67633,59.450135],[24.676222,59.450128],[24.676149,59.450127],[24.676076,59.450118],[24.676018,59.450118],[24.675987,59.450122],[24.675917,59.450123],[24.675769,59.450111],[24.675707,59.450116],[24.675591,59.450124],[24.675458,59.450122],[24.675307,59.450106],[24.675201,59.450101],[24.67512,59.450104],[24.675076,59.450111],[24.674937,59.450151],[24.674904,59.450156],[24.674852,59.450163],[24.674772,59.450164],[24.674625,59.45018],[24.674564,59.450182],[24.674492,59.45019],[24.67443,59.450201],[24.674367,59.450204],[24.674276,59.450202],[24.674121,59.450196],[24.67408,59.45021],[24.674041,59.450214],[24.674006,59.45021],[24.673939,59.450207],[24.673867,59.450207],[24.67383,59.450211],[24.673683,59.45014],[24.672903,59.450529],[24.673773,59.450979],[24.673495,59.451122],[24.672607,59.450679],[24.671165,59.451409],[24.671763,59.451734],[24.671227,59.451992],[24.670842,59.451773],[24.669948,59.452096],[24.669371,59.451597],[24.669391,59.451415],[24.669577,59.451031],[24.670035,59.450059],[24.669612,59.450013],[24.669294,59.45067],[24.669254,59.450671],[24.669208,59.45069],[24.669196,59.450712],[24.669201,59.450728],[24.669258,59.450773],[24.669258,59.450782],[24.669225,59.450897],[24.669191,59.451091],[24.669118,59.451241],[24.668958,59.45152],[24.668815,59.451594],[24.668767,59.451641],[24.668745,59.451701],[24.668698,59.451763],[24.668669,59.451823],[24.668669,59.451871],[24.668687,59.451913],[24.668666,59.451962],[24.668652,59.451996],[24.668635,59.452028],[24.668615,59.452041],[24.668589,59.452062],[24.668505,59.45215],[24.668439,59.452239],[24.668364,59.452329],[24.668289,59.452426],[24.668257,59.452472],[24.668239,59.452513],[24.668239,59.45255],[24.668259,59.452606],[24.668282,59.452646],[24.668318,59.452678],[24.668492,59.452815],[24.668513,59.452833],[24.668518,59.452837],[24.66856,59.452854],[24.668589,59.452861],[24.668641,59.452884],[24.668806,59.452994],[24.668897,59.453075],[24.66892,59.453099],[24.668954,59.453128],[24.668993,59.453157],[24.669034,59.453186],[24.669055,59.453193],[24.669084,59.453206],[24.669172,59.453274],[24.669204,59.453307],[24.669239,59.453341],[24.669279,59.453381],[24.669306,59.453421],[24.669328,59.453457],[24.669345,59.453495],[24.669349,59.453504],[24.669303,59.453544],[24.669137,59.453665],[24.668933,59.45383],[24.668694,59.454031],[24.668658,59.454067],[24.668654,59.45409],[24.668647,59.454119],[24.668627,59.454133],[24.668581,59.454156],[24.668444,59.454231],[24.66831,59.454291],[24.668127,59.454437],[24.668115,59.45445],[24.668105,59.454462],[24.668097,59.454488],[24.668063,59.454514],[24.667999,59.454544],[24.667905,59.454585],[24.667765,59.454626],[24.667661,59.45464],[24.667597,59.45466],[24.667548,59.45464],[24.667566,59.454629],[24.667505,59.454603],[24.667456,59.454584],[24.665562,59.455795],[24.661658,59.454214],[24.661592,59.454087],[24.662948,59.452806],[24.662975,59.452814],[24.663039,59.452753],[24.663022,59.452717],[24.662831,59.452666],[24.662764,59.452675],[24.662701,59.452737],[24.662475,59.452929],[24.662089,59.453015],[24.662006,59.45306],[24.661637,59.4534],[24.661136,59.453888],[24.661111,59.45395],[24.661156,59.454041],[24.661073,59.454165],[24.661087,59.454173],[24.661089,59.454181],[24.660594,59.45443],[24.660256,59.45461],[24.660247,59.454629],[24.660261,59.454643],[24.660368,59.45469],[24.660417,59.454688],[24.660621,59.454582],[24.660589,59.454564],[24.661212,59.454243],[24.661315,59.454361],[24.6616,59.454595],[24.661799,59.454667],[24.662161,59.454768],[24.662522,59.454905],[24.662949,59.455086],[24.663372,59.455271],[24.663701,59.455396],[24.664129,59.455568],[24.664819,59.455856],[24.66486,59.455879],[24.664867,59.455931],[24.664856,59.456154],[24.664517,59.456462],[24.664443,59.456526],[24.664273,59.456675],[24.664473,59.456739],[24.663165,59.457689],[24.662272,59.457371],[24.661233,59.456991],[24.660067,59.456575],[24.659913,59.456677],[24.660909,59.457049],[24.662,59.45745],[24.662959,59.457813],[24.663022,59.457848],[24.662934,59.457901],[24.662984,59.457925],[24.662281,59.458347],[24.662237,59.458346],[24.661982,59.458503],[24.661879,59.458684],[24.661872,59.458707],[24.66184,59.458742],[24.661784,59.458782],[24.661697,59.458827],[24.661592,59.458873],[24.661444,59.458926],[24.661322,59.458966],[24.661268,59.458994],[24.661075,59.459062],[24.66103,59.459065],[24.661,59.459071],[24.660921,59.459109],[24.660868,59.459129],[24.660789,59.459159],[24.660761,59.459169],[24.660631,59.459212],[24.660541,59.459239],[24.660409,59.459272],[24.660186,59.459321],[24.660027,59.459348],[24.660001,59.459328],[24.659808,59.459396],[24.659725,59.459424],[24.659788,59.45948],[24.659573,59.459552],[24.659525,59.459547],[24.6595,59.459524],[24.655616,59.460739],[24.653582,59.46138],[24.652509,59.461712],[24.651876,59.461207],[24.651442,59.460837],[24.650284,59.459887],[24.6506,59.459721],[24.652489,59.458727],[24.65571,59.457055],[24.656224,59.456783],[24.656256,59.456798],[24.656496,59.456669],[24.656382,59.456613],[24.652907,59.458429],[24.651505,59.459157],[24.650677,59.459596],[24.65053,59.459539],[24.650406,59.459527],[24.650283,59.459535],[24.650165,59.459552],[24.649821,59.4597],[24.649683,59.459822],[24.649665,59.459883],[24.649693,59.459971],[24.649747,59.460056],[24.649819,59.460108],[24.649892,59.46017],[24.6499,59.460229],[24.649899,59.460282],[24.64993,59.460318],[24.65002,59.460385],[24.650078,59.460396],[24.650154,59.460424],[24.650371,59.460532],[24.6506,59.460679],[24.650834,59.460889],[24.651025,59.461091],[24.651132,59.461211],[24.651176,59.461269],[24.651188,59.461337],[24.651207,59.461373],[24.651303,59.461428],[24.65137,59.461459],[24.651426,59.461474],[24.651463,59.461488],[24.651475,59.461508],[24.651517,59.461527],[24.651582,59.461566],[24.651653,59.461598],[24.651732,59.461646],[24.651824,59.461715],[24.65187,59.461784],[24.651964,59.461901],[24.652071,59.461988],[24.649675,59.462738],[24.649641,59.462733],[24.649462,59.462784],[24.649455,59.462799],[24.651683,59.464629],[24.651587,59.464855],[24.648155,59.465936],[24.647719,59.466068],[24.647538,59.466006],[24.647504,59.465481],[24.647447,59.464622],[24.64747,59.46462],[24.647415,59.463798],[24.647402,59.463499],[24.647374,59.463501],[24.647342,59.462823],[24.647318,59.462512],[24.647422,59.462353],[24.647622,59.462047],[24.647721,59.462062],[24.647718,59.462082],[24.647816,59.462096],[24.647872,59.462013],[24.647774,59.461998],[24.647758,59.462015],[24.647662,59.462],[24.647817,59.461745],[24.647909,59.461752],[24.648025,59.461542],[24.647779,59.461454],[24.647721,59.461496],[24.647669,59.46149],[24.64761,59.461491],[24.647558,59.461498],[24.647522,59.461511],[24.647476,59.461535],[24.647359,59.461569],[24.647286,59.461674],[24.647162,59.461792],[24.647156,59.461838],[24.647139,59.461866],[24.647032,59.461942],[24.646834,59.462112],[24.646768,59.4622],[24.64672,59.462274],[24.646675,59.462368],[24.646636,59.46251],[24.646631,59.462668],[24.646664,59.462925],[24.646646,59.463102],[24.646671,59.463427],[24.646697,59.463578],[24.6467,59.463753],[24.646712,59.463914],[24.646762,59.464321],[24.64678,59.464647],[24.646772,59.464752],[24.646783,59.465],[24.64678,59.465151],[24.646786,59.465272],[24.646792,59.465328],[24.64681,59.465383],[24.646844,59.465406],[24.646873,59.465452],[24.646895,59.465526],[24.646913,59.465613],[24.646978,59.466129],[24.646998,59.466363],[24.646999,59.466461],[24.646987,59.466503],[24.646974,59.466573],[24.646933,59.466598],[24.646884,59.466664],[24.646822,59.466783],[24.646787,59.466891],[24.646731,59.46702],[24.64672,59.467081],[24.646726,59.46713],[24.646745,59.467151],[24.646725,59.46728],[24.646718,59.467362],[24.646678,59.467464],[24.64664,59.467609],[24.646593,59.467724],[24.646532,59.467835],[24.64651,59.467913],[24.646458,59.467971],[24.646386,59.468098],[24.646338,59.468157],[24.646295,59.468226],[24.64627,59.468278],[24.646234,59.468368],[24.646218,59.468424],[24.64621,59.468494],[24.64614,59.468718],[24.646114,59.468744],[24.646075,59.468798],[24.646032,59.468831],[24.645986,59.468875],[24.645939,59.468979],[24.645925,59.469046],[24.645931,59.469256],[24.645908,59.469298],[24.645925,59.469396],[24.645974,59.469466],[24.646073,59.469534],[24.646175,59.469575],[24.646287,59.469602],[24.646476,59.469678],[24.646697,59.469787],[24.646899,59.46987],[24.646972,59.469894],[24.647021,59.469902],[24.647061,59.4699],[24.647076,59.469896],[24.647078,59.469882],[24.647069,59.469868],[24.647081,59.469859],[24.647119,59.469853],[24.647175,59.469848],[24.647315,59.469847],[24.647403,59.469841],[24.647533,59.469844],[24.647554,59.469839],[24.647589,59.469838],[24.64761,59.469848],[24.647621,59.469873],[24.647629,59.469929],[24.647626,59.469994],[24.647642,59.470009],[24.647666,59.47001],[24.647702,59.469996],[24.647733,59.46996],[24.647756,59.469913],[24.647776,59.469827],[24.647796,59.469777],[24.647816,59.469763],[24.647869,59.469741],[24.647917,59.469729],[24.64796,59.469714],[24.648062,59.469675],[24.648113,59.469648],[24.648291,59.469536],[24.648325,59.469494],[24.64835,59.469474],[24.6484,59.469418],[24.648472,59.469305],[24.648541,59.469237],[24.648579,59.469184],[24.648612,59.469157],[24.648644,59.469139],[24.648704,59.469118],[24.649058,59.468929],[24.649142,59.468874],[24.649198,59.46883],[24.649264,59.468796],[24.649318,59.468778],[24.649399,59.46876],[24.649451,59.468737],[24.649507,59.468693],[24.649538,59.468655],[24.64964,59.468574],[24.649793,59.4685],[24.650095,59.46833],[24.65033,59.468185],[24.650405,59.468152],[24.650998,59.46792],[24.651227,59.467845],[24.651482,59.467778],[24.651639,59.467726],[24.65174,59.467679],[24.651772,59.46767],[24.651807,59.467667],[24.651936,59.46761],[24.65207,59.467567],[24.652389,59.467476],[24.652485,59.467454],[24.653039,59.467353],[24.653286,59.467318],[24.653868,59.467252],[24.654513,59.467192],[24.654578,59.467188],[24.654656,59.467192],[24.654709,59.467191],[24.654802,59.467186],[24.654878,59.467176],[24.655025,59.467168],[24.655359,59.467159],[24.655507,59.467151],[24.655613,59.467137],[24.655734,59.467127],[24.65592,59.467117],[24.656763,59.46708],[24.657222,59.46703],[24.657887,59.466948],[24.658125,59.466929],[24.658272,59.466926],[24.659413,59.46694],[24.659493,59.466934],[24.659562,59.466933],[24.6596,59.466937],[24.65966,59.46696],[24.659784,59.46698],[24.659914,59.466979],[24.660276,59.466956],[24.660427,59.46696],[24.660518,59.466957],[24.66079,59.466932],[24.660909,59.466929],[24.660976,59.466929],[24.661158,59.466915],[24.661423,59.466884],[24.661509,59.466856],[24.661551,59.466846],[24.661605,59.466825],[24.66172,59.466756],[24.661894,59.466565],[24.662019,59.466405],[24.662067,59.466309],[24.662084,59.466254],[24.662054,59.466079],[24.66205,59.466019],[24.662049,59.465942],[24.662063,59.465872],[24.662049,59.465783],[24.662004,59.465706],[24.661997,59.465657],[24.661999,59.465627],[24.662022,59.465556],[24.661997,59.46549],[24.662011,59.46541],[24.662032,59.465357],[24.662059,59.46532],[24.662111,59.465267],[24.662159,59.465249],[24.662238,59.465225],[24.662487,59.465172],[24.662596,59.465156],[24.662903,59.465067],[24.662993,59.465044],[24.66308,59.465026],[24.663157,59.465019],[24.663214,59.465017],[24.66335,59.465023],[24.663498,59.465025],[24.663623,59.465022],[24.663733,59.465025],[24.663922,59.465014],[24.664092,59.464981],[24.664243,59.464936],[24.664471,59.464859],[24.664585,59.464801],[24.664677,59.464744],[24.664819,59.464645],[24.664925,59.464581],[24.664963,59.464546],[24.665173,59.464468],[24.66519,59.464451],[24.665214,59.464428],[24.665303,59.464392],[24.665321,59.464373],[24.665389,59.464335],[24.665513,59.464293],[24.665657,59.464218],[24.665783,59.464164],[24.665901,59.464119],[24.665957,59.464102],[24.666014,59.464092],[24.666108,59.464069],[24.666255,59.464013],[24.666365,59.46398],[24.666424,59.463956],[24.666588,59.463901],[24.666773,59.463815],[24.666846,59.463761],[24.666887,59.463713],[24.666922,59.463701],[24.666964,59.463693],[24.667101,59.463678],[24.667212,59.463657],[24.667237,59.463641],[24.667259,59.463618],[24.667285,59.46358],[24.667298,59.463531],[24.667345,59.463478],[24.667401,59.463444],[24.667467,59.463412],[24.66769,59.463347],[24.66776,59.463346],[24.667818,59.46334],[24.667945,59.463318],[24.668076,59.463312],[24.668129,59.463305],[24.668174,59.463286],[24.668211,59.463264],[24.66839,59.463212],[24.668473,59.463176],[24.668611,59.463114],[24.668705,59.463077],[24.668818,59.463043],[24.66899,59.463028],[24.669181,59.463029],[24.670017,59.463072],[24.6705,59.463102],[24.671516,59.463155],[24.671727,59.463168],[24.672169,59.463205],[24.672515,59.463239],[24.672728,59.463265],[24.67334,59.463332],[24.673714,59.463369],[24.674746,59.463509],[24.675247,59.463597],[24.675342,59.46362],[24.675551,59.463643],[24.675815,59.463683],[24.676062,59.463728],[24.676244,59.463755],[24.676625,59.463802],[24.677,59.463844],[24.677782,59.463933],[24.677942,59.463946],[24.678024,59.463956],[24.678096,59.46397],[24.678321,59.463992],[24.678592,59.464039],[24.67875,59.464063],[24.678885,59.464066],[24.679127,59.464047],[24.679413,59.464005],[24.679483,59.463986],[24.679585,59.463975],[24.679681,59.463971],[24.679767,59.463974],[24.679876,59.463986],[24.680241,59.46401],[24.680396,59.464027],[24.680659,59.464068],[24.680794,59.464074],[24.680873,59.464074],[24.681185,59.464064],[24.681475,59.464078],[24.681877,59.464114],[24.681987,59.464126],[24.682124,59.464127],[24.682273,59.464115],[24.682334,59.464116],[24.682722,59.464165],[24.682889,59.464193],[24.683043,59.464211],[24.683219,59.464223],[24.68361,59.46424],[24.683776,59.464255],[24.683886,59.464248],[24.683968,59.464252],[24.684089,59.464267],[24.684155,59.464272],[24.684201,59.464271],[24.684271,59.46426],[24.684323,59.464258],[24.684402,59.464261],[24.684495,59.464267],[24.684617,59.464286],[24.684965,59.464321],[24.685094,59.46434],[24.685347,59.464403],[24.685722,59.464477],[24.686193,59.464578],[24.686695,59.464712],[24.687014,59.464801],[24.687141,59.464832],[24.6873,59.464858],[24.687499,59.464885],[24.688424,59.465051],[24.68942,59.465258],[24.689809,59.465335],[24.689966,59.465375],[24.69021,59.465445],[24.690381,59.4655],[24.690466,59.465531],[24.690518,59.465561],[24.690608,59.465623],[24.690769,59.465753],[24.690891,59.465868],[24.691,59.465958],[24.69113,59.466038],[24.691349,59.466227],[24.691602,59.466414],[24.691852,59.466584],[24.691944,59.466658],[24.691988,59.466702],[24.692015,59.466777],[24.692077,59.46684],[24.692108,59.466891],[24.692116,59.466929],[24.692107,59.46696],[24.692092,59.467111],[24.692079,59.467154],[24.692122,59.467357],[24.692125,59.467402],[24.692121,59.467486],[24.692128,59.467519],[24.692135,59.467642],[24.692157,59.467828],[24.692166,59.467869],[24.692207,59.467954],[24.692215,59.468014],[24.692212,59.468076],[24.692174,59.468176],[24.692177,59.468213],[24.692185,59.468261],[24.692219,59.468337],[24.692269,59.468497],[24.692284,59.468575],[24.692312,59.468852],[24.692343,59.468946],[24.692406,59.469017],[24.69246,59.469068],[24.692602,59.469135],[24.692852,59.469185],[24.693014,59.469225],[24.693124,59.469241],[24.693231,59.46925],[24.693294,59.469261],[24.69337,59.469286],[24.69353,59.469304],[24.69368,59.469332],[24.693756,59.469363],[24.693801,59.469376],[24.693857,59.469378],[24.693909,59.469389],[24.694452,59.469522],[24.694555,59.469542],[24.694656,59.469566],[24.694796,59.46959],[24.694896,59.469614],[24.694999,59.469644],[24.695089,59.469664],[24.695288,59.469699],[24.69532,59.469718],[24.695478,59.46977],[24.695573,59.469789],[24.69569,59.46983],[24.695751,59.469872],[24.695817,59.469926],[24.695928,59.47007],[24.696028,59.470224],[24.696099,59.470307],[24.696147,59.470351],[24.696294,59.470512],[24.696588,59.470931],[24.696688,59.471116],[24.696852,59.471421],[24.696888,59.47152],[24.696924,59.471645],[24.69695,59.471753],[24.696957,59.471832],[24.696968,59.471869],[24.697039,59.4721],[24.697118,59.472313],[24.697145,59.472507],[24.697137,59.472597],[24.697157,59.472903],[24.697154,59.473028],[24.697147,59.473073],[24.697069,59.473268],[24.697042,59.473314],[24.697018,59.473331],[24.696979,59.473341],[24.696757,59.473364],[24.696503,59.473371],[24.696287,59.473373],[24.696046,59.473397],[24.695985,59.473398],[24.69594,59.473405],[24.695894,59.473418],[24.695815,59.473422],[24.695756,59.473422],[24.695726,59.473413],[24.695673,59.473415],[24.695663,59.473429],[24.695676,59.473445],[24.695714,59.473459],[24.695764,59.473469],[24.695837,59.473469],[24.69597,59.47348],[24.696172,59.47349],[24.696459,59.473493],[24.696605,59.473505],[24.696702,59.473517],[24.697097,59.47354],[24.697146,59.473551],[24.69718,59.473568],[24.697218,59.473609],[24.697247,59.473689],[24.69726,59.473743],[24.697261,59.47379],[24.697252,59.47382],[24.697256,59.473849],[24.697298,59.47387],[24.697309,59.473892],[24.697315,59.473927],[24.697348,59.473975],[24.697354,59.474008],[24.697357,59.474059],[24.697333,59.474133],[24.697312,59.474184],[24.697225,59.474329],[24.697173,59.47443],[24.697111,59.474515],[24.697001,59.474689],[24.696902,59.474808],[24.696816,59.474893],[24.696788,59.474914],[24.696767,59.474924],[24.696752,59.474927],[24.696707,59.474927],[24.69662,59.474945],[24.696593,59.474946],[24.696158,59.475009],[24.696042,59.475016],[24.695975,59.475013],[24.695936,59.475007],[24.695896,59.475009],[24.695869,59.475016],[24.695863,59.475025],[24.69589,59.475032],[24.695885,59.475037],[24.695855,59.475043],[24.695812,59.475079],[24.695773,59.475094],[24.695708,59.475109],[24.695629,59.475123],[24.695394,59.475137],[24.695233,59.475122],[24.695185,59.475124],[24.695123,59.475131],[24.694868,59.475202],[24.694756,59.475245],[24.694703,59.475285],[24.694644,59.475302],[24.694572,59.475318],[24.694344,59.475406],[24.694296,59.475436],[24.694172,59.475494],[24.694073,59.475524],[24.694018,59.475529],[24.693989,59.475534],[24.693787,59.475599],[24.693534,59.475649],[24.69346,59.475657],[24.693254,59.47571],[24.69322,59.475713],[24.692857,59.475772],[24.692811,59.475775],[24.692747,59.47577],[24.692704,59.475771],[24.692669,59.475778],[24.692618,59.475778],[24.692557,59.475774],[24.692478,59.475755],[24.692416,59.47573],[24.692332,59.47568],[24.692167,59.475606],[24.692125,59.475599],[24.692066,59.475599],[24.692029,59.475606],[24.691965,59.475628],[24.69183,59.475658],[24.691762,59.475666],[24.691662,59.475669],[24.691559,59.475664],[24.691491,59.475667],[24.691414,59.475674],[24.691282,59.475678],[24.691095,59.4757],[24.690977,59.475726],[24.690937,59.475745],[24.69092,59.47577],[24.690883,59.475795],[24.690797,59.475816],[24.690728,59.475826],[24.690643,59.475831],[24.690521,59.475843],[24.690446,59.475845],[24.690237,59.475838],[24.690167,59.475845],[24.690021,59.475875],[24.689909,59.475912],[24.689897,59.475925],[24.689906,59.475949],[24.689897,59.475963],[24.689876,59.475973],[24.689839,59.475985],[24.689778,59.475996],[24.689738,59.475999],[24.689639,59.476015],[24.6896,59.476027],[24.689545,59.47606],[24.689515,59.476074],[24.689486,59.476081],[24.689375,59.476096],[24.689335,59.476106],[24.689301,59.476124],[24.689252,59.47617],[24.689245,59.476191],[24.689208,59.47622],[24.68914,59.47625],[24.689046,59.47632],[24.689037,59.476334],[24.68905,59.476347],[24.689082,59.476348],[24.689103,59.476347],[24.689124,59.476362],[24.689135,59.476386],[24.689134,59.47642],[24.689085,59.476478],[24.68903,59.476527],[24.688988,59.476552],[24.688922,59.476585],[24.688821,59.476616],[24.688729,59.476626],[24.68867,59.476643],[24.688629,59.476664],[24.688604,59.476692],[24.68854,59.476803],[24.688443,59.476899],[24.688409,59.476953],[24.688382,59.477016],[24.688362,59.477043],[24.688335,59.477064],[24.688227,59.477183],[24.688196,59.477241],[24.688173,59.477272],[24.688129,59.47731],[24.688096,59.477349],[24.688052,59.477387],[24.687989,59.477449],[24.687871,59.47752],[24.687802,59.477588],[24.687753,59.477614],[24.687723,59.477636],[24.687676,59.477678],[24.687609,59.477721],[24.687571,59.477758],[24.68751,59.477806],[24.687476,59.477826],[24.687349,59.477918],[24.687317,59.477929],[24.687267,59.477938],[24.687234,59.477956],[24.687207,59.47798],[24.6872,59.478006],[24.68721,59.478036],[24.687213,59.478069],[24.687198,59.478095],[24.687176,59.47812],[24.687149,59.47814],[24.687119,59.478152],[24.687105,59.478167],[24.687077,59.478248],[24.687008,59.478329],[24.686925,59.478399],[24.68685,59.478495],[24.686815,59.478529],[24.686759,59.478576],[24.686656,59.47865],[24.686637,59.478675],[24.68659,59.478766],[24.686517,59.47888],[24.686448,59.478952],[24.686432,59.479051],[24.686397,59.479098],[24.686316,59.479171],[24.686278,59.479201],[24.686225,59.479257],[24.686166,59.479341],[24.686105,59.479395],[24.686049,59.479468],[24.686005,59.479558],[24.68594,59.479804],[24.685885,59.479986],[24.685779,59.480197],[24.685762,59.480255],[24.685734,59.480317],[24.685716,59.480343],[24.68568,59.480373],[24.685627,59.480403],[24.685522,59.480474],[24.685493,59.480492],[24.685486,59.480516],[24.685504,59.480556],[24.685531,59.480595],[24.685568,59.480635],[24.685586,59.480686],[24.685563,59.480765],[24.685484,59.481029],[24.685448,59.48107],[24.685409,59.481105],[24.685321,59.481151],[24.685303,59.481206],[24.685275,59.481339],[24.685237,59.481445],[24.685233,59.481542],[24.685211,59.48161],[24.685102,59.481844],[24.685053,59.481898],[24.684989,59.481932],[24.684965,59.481945],[24.68495,59.481966],[24.684962,59.482052],[24.684957,59.482092],[24.684938,59.482121],[24.684932,59.482151],[24.684987,59.482205],[24.685031,59.482242],[24.68507,59.482267],[24.68509,59.482287],[24.685098,59.482348],[24.685071,59.482373],[24.685035,59.48238],[24.685006,59.482396],[24.685001,59.482423],[24.685011,59.482452],[24.685074,59.482514],[24.685127,59.482556],[24.685154,59.48257],[24.685244,59.482697],[24.685297,59.482794],[24.68534,59.482902],[24.685367,59.482991],[24.685379,59.483115],[24.685398,59.483218],[24.685427,59.483288],[24.685451,59.483371],[24.685496,59.483464],[24.685532,59.483557],[24.68555,59.483586],[24.685613,59.483638],[24.685636,59.483667],[24.685645,59.483732],[24.68572,59.483822],[24.685775,59.483905],[24.685899,59.484073],[24.68598,59.484157],[24.686038,59.484238],[24.686102,59.484315],[24.686175,59.484392],[24.686296,59.484507],[24.686404,59.484597],[24.686571,59.484709],[24.686627,59.484752],[24.686735,59.484853],[24.686778,59.484883],[24.68681,59.484893],[24.686859,59.484926],[24.686925,59.484964],[24.686989,59.484994],[24.687034,59.485011],[24.68707,59.485036],[24.687276,59.485148],[24.687353,59.485176],[24.687461,59.485221],[24.687661,59.485319],[24.687749,59.485351],[24.688017,59.485457],[24.688066,59.485472],[24.688202,59.48549],[24.688387,59.485533],[24.688443,59.48555],[24.688571,59.48561],[24.688609,59.485636],[24.688662,59.485656],[24.688745,59.485668],[24.688858,59.485676],[24.688997,59.485677],[24.689069,59.485675],[24.689147,59.485661],[24.689192,59.48564],[24.689271,59.485609],[24.689371,59.485563],[24.689456,59.485509],[24.689504,59.485461],[24.689565,59.485391],[24.689637,59.485314],[24.689672,59.485281],[24.689736,59.485239],[24.689761,59.485215],[24.689778,59.485188],[24.689814,59.48516],[24.689915,59.485104],[24.690007,59.485066],[24.690057,59.485056],[24.690094,59.485041],[24.69013,59.48502],[24.690185,59.484968],[24.690336,59.484875],[24.690409,59.484785],[24.690452,59.484717],[24.690456,59.484688],[24.690465,59.484668],[24.690527,59.48461],[24.690576,59.484578],[24.6906,59.484553],[24.690637,59.484484],[24.690664,59.484458],[24.690993,59.484246],[24.691061,59.484218],[24.691117,59.484204],[24.691189,59.484147],[24.691219,59.484108],[24.691222,59.484066],[24.69122,59.484034],[24.691211,59.48401],[24.69119,59.483979],[24.691166,59.48395],[24.691146,59.483904],[24.691139,59.483873],[24.691142,59.483847],[24.691173,59.48378],[24.691191,59.483714],[24.691203,59.483646],[24.691234,59.483603],[24.691273,59.483572],[24.691288,59.48355],[24.691294,59.483525],[24.691322,59.483471],[24.691341,59.483457],[24.691376,59.483368],[24.691385,59.483323],[24.6914,59.48329],[24.691434,59.483169],[24.691468,59.483099],[24.69148,59.483048],[24.691495,59.483034],[24.691512,59.483002],[24.691525,59.482952],[24.691557,59.482914],[24.691568,59.482881],[24.691593,59.482848],[24.691647,59.48275],[24.691649,59.482715],[24.691687,59.48264],[24.691737,59.482498],[24.691735,59.482474],[24.691743,59.482435],[24.691793,59.482352],[24.691801,59.482311],[24.691839,59.482227],[24.691835,59.482217],[24.691818,59.482206],[24.691822,59.482192],[24.691876,59.48213],[24.691898,59.482076],[24.691919,59.48205],[24.691958,59.482013],[24.691983,59.481981],[24.692046,59.481934],[24.692074,59.481908],[24.692129,59.48183],[24.69226,59.481746],[24.692386,59.481688],[24.692507,59.481647],[24.692925,59.481481],[24.693062,59.481408],[24.693153,59.481348],[24.693264,59.481304],[24.693376,59.481248],[24.693442,59.481205],[24.693486,59.481168],[24.693612,59.481105],[24.693692,59.481072],[24.693856,59.481015],[24.693944,59.480976],[24.693971,59.480967],[24.694016,59.48096],[24.694037,59.480943],[24.694058,59.480936],[24.694151,59.480922],[24.694201,59.48089],[24.694265,59.480848],[24.694307,59.480835],[24.694379,59.480822],[24.694436,59.480816],[24.694739,59.480802],[24.694948,59.4808],[24.695058,59.480805],[24.695373,59.480836],[24.695488,59.480864],[24.695549,59.480874],[24.695606,59.480875],[24.6959,59.480857],[24.696056,59.48086],[24.696235,59.480885],[24.696369,59.480899],[24.696489,59.480899],[24.696597,59.480904],[24.697183,59.480946],[24.697268,59.480956],[24.697432,59.480987],[24.697478,59.480989],[24.697569,59.481001],[24.698014,59.481069],[24.698417,59.481144],[24.698719,59.48121],[24.698982,59.481289],[24.699014,59.481306],[24.699034,59.481322],[24.699051,59.481342],[24.699056,59.481371],[24.699063,59.481383],[24.699088,59.481398],[24.699132,59.481401],[24.699158,59.481406],[24.69918,59.481416],[24.69921,59.481438],[24.699231,59.481484],[24.699252,59.481499],[24.699278,59.481507],[24.699313,59.48151],[24.699355,59.481507],[24.699552,59.481485],[24.699731,59.481453],[24.699807,59.481434],[24.699928,59.48142],[24.700047,59.481426],[24.700159,59.481418],[24.700277,59.481397],[24.700376,59.481382],[24.700469,59.481368],[24.70055,59.481348],[24.700587,59.481349],[24.700651,59.481358],[24.700707,59.481379],[24.70072,59.481385],[24.700729,59.481398],[24.700738,59.481416],[24.700763,59.481432],[24.700786,59.481435],[24.700822,59.481435],[24.700846,59.48143],[24.700863,59.481419],[24.700869,59.481408],[24.700863,59.481394],[24.700838,59.481369],[24.700799,59.481327],[24.700788,59.481312],[24.700785,59.4813],[24.700792,59.481292],[24.700852,59.481269],[24.700893,59.481247],[24.700973,59.48114],[24.700978,59.481133],[24.701014,59.481104],[24.701034,59.481082],[24.701075,59.481068],[24.701118,59.481063],[24.701156,59.48105],[24.701193,59.481027],[24.701228,59.481],[24.70129,59.48093],[24.701303,59.48092],[24.701323,59.480905],[24.701359,59.480856],[24.70138,59.480829],[24.70144,59.480762],[24.701508,59.480729],[24.70158,59.480689],[24.701635,59.480642],[24.701672,59.480608],[24.701714,59.480588],[24.70176,59.48056],[24.701819,59.480525],[24.701859,59.480503],[24.7019,59.480479],[24.701972,59.480442],[24.702034,59.48041],[24.702059,59.480395],[24.702076,59.480375],[24.702096,59.480356],[24.702122,59.48034],[24.70215,59.480325],[24.702179,59.480315],[24.702205,59.480317],[24.702225,59.480323],[24.70224,59.480337],[24.702255,59.48036],[24.702272,59.480381],[24.702298,59.480402],[24.702321,59.480408],[24.702356,59.480411],[24.702382,59.480407],[24.7024,59.480396],[24.702412,59.480353],[24.702465,59.480274],[24.702527,59.4802],[24.702563,59.480166],[24.702628,59.480118],[24.70279,59.480026],[24.702858,59.479992],[24.702933,59.479949],[24.70296,59.479924],[24.702961,59.47991],[24.702956,59.479894],[24.702954,59.479867],[24.702963,59.479836],[24.702991,59.479813],[24.703024,59.479795],[24.703054,59.479778],[24.703104,59.479772],[24.703149,59.479768],[24.703228,59.47975],[24.703291,59.479743],[24.70336,59.47973],[24.703403,59.479729],[24.703472,59.479715],[24.703537,59.479698],[24.703591,59.47969],[24.703625,59.479691],[24.703667,59.479697],[24.703687,59.479704],[24.703689,59.479727],[24.703727,59.479778],[24.703751,59.479798],[24.703812,59.479825],[24.70385,59.479841],[24.703864,59.479862],[24.70388,59.479896],[24.703888,59.479917],[24.703862,59.479963],[24.703859,59.479976],[24.703857,59.479993],[24.703859,59.480011],[24.70387,59.480024],[24.703891,59.480034],[24.703915,59.480037],[24.703956,59.48004],[24.704031,59.480025],[24.704092,59.480018],[24.70413,59.480024],[24.704189,59.480044],[24.704278,59.480082],[24.704365,59.480136],[24.704416,59.480166],[24.704483,59.480199],[24.704545,59.480222],[24.704586,59.480233],[24.704631,59.480236],[24.704682,59.480233],[24.704746,59.480224],[24.704815,59.480222],[24.704856,59.480229],[24.704892,59.480248],[24.704896,59.480263],[24.704889,59.480271],[24.704878,59.480281],[24.704842,59.480308],[24.704809,59.480348],[24.704824,59.480367],[24.704838,59.480378],[24.704864,59.480386],[24.704891,59.480387],[24.704923,59.480381],[24.704953,59.480371],[24.705121,59.480367],[24.70525,59.480398],[24.705304,59.480426],[24.705333,59.480492],[24.705386,59.480531],[24.705416,59.480571],[24.705423,59.480579],[24.705506,59.480667],[24.705564,59.480699],[24.705646,59.480704],[24.70577,59.480702],[24.705803,59.480709],[24.705824,59.480712],[24.705902,59.480732],[24.705949,59.480754],[24.706026,59.480783],[24.706072,59.480799],[24.706161,59.480817],[24.70624,59.480828],[24.706237,59.480892],[24.70621,59.481033],[24.706203,59.481084],[24.706275,59.481165],[24.706629,59.481335],[24.706695,59.481388],[24.706748,59.481449],[24.706768,59.481494],[24.706771,59.481533],[24.706758,59.48162],[24.706748,59.481665],[24.706709,59.48171],[24.706675,59.481773],[24.706676,59.481804],[24.706709,59.481919],[24.706715,59.482002],[24.706724,59.482031],[24.706758,59.482072],[24.706879,59.482162],[24.706955,59.482208],[24.707048,59.482275],[24.707131,59.482347],[24.707172,59.482394],[24.707208,59.48247],[24.707213,59.482536],[24.707239,59.482617],[24.707271,59.482699],[24.70738,59.482935],[24.707412,59.482984],[24.707472,59.483093],[24.707507,59.483189],[24.707529,59.483229],[24.707606,59.48334],[24.707627,59.483393],[24.707632,59.483459],[24.707619,59.483595],[24.707575,59.483731],[24.707544,59.483821],[24.707492,59.483887],[24.707475,59.483898],[24.707415,59.483926],[24.707397,59.483943],[24.707399,59.483969],[24.707427,59.484002],[24.707455,59.484023],[24.707471,59.484049],[24.707455,59.484139],[24.707434,59.484181],[24.707481,59.484305],[24.707515,59.484341],[24.707525,59.484392],[24.707514,59.484469],[24.707463,59.484537],[24.70741,59.484681],[24.70738,59.484956],[24.707341,59.485106],[24.707285,59.485206],[24.707252,59.485255],[24.707199,59.485386],[24.707145,59.485428],[24.707087,59.485489],[24.707021,59.485549],[24.706943,59.485617],[24.706901,59.48564],[24.706855,59.485672],[24.706829,59.4857],[24.706815,59.485735],[24.706819,59.48577],[24.706871,59.48584],[24.706883,59.485878],[24.706916,59.485935],[24.706944,59.485955],[24.706977,59.485963],[24.707033,59.485963],[24.707088,59.485952],[24.707128,59.485952],[24.707161,59.485952],[24.707258,59.485969],[24.707332,59.48597],[24.707392,59.485965],[24.707578,59.485921],[24.707702,59.485896],[24.707771,59.48587],[24.707814,59.485863],[24.707853,59.485862],[24.707917,59.485849],[24.707985,59.485827],[24.708038,59.485798],[24.708088,59.485762],[24.708134,59.485715],[24.708289,59.48553],[24.708327,59.485491],[24.708397,59.485427],[24.708414,59.485406],[24.708424,59.485376],[24.708421,59.485306],[24.708427,59.485261],[24.708465,59.485178],[24.708524,59.485117],[24.708552,59.4851],[24.708571,59.485094],[24.708614,59.485063],[24.708659,59.485007],[24.708672,59.484958],[24.708769,59.484859],[24.708799,59.484801],[24.708819,59.484739],[24.708871,59.484669],[24.708888,59.484626],[24.708951,59.484537],[24.708982,59.484482],[24.708988,59.48446],[24.709011,59.484436],[24.709062,59.484398],[24.709197,59.484309],[24.709259,59.484287],[24.709319,59.484262],[24.709357,59.484232],[24.709444,59.484149],[24.709482,59.484078],[24.709512,59.483989],[24.709606,59.483852],[24.709672,59.483792],[24.709755,59.483732],[24.709781,59.483707],[24.709861,59.483663],[24.709919,59.483636],[24.709962,59.48361],[24.710001,59.483569],[24.710156,59.483167],[24.710159,59.48312],[24.710169,59.483093],[24.710205,59.483045],[24.710211,59.482973],[24.710205,59.482943],[24.71015,59.482889],[24.710136,59.482863],[24.71012,59.482791],[24.710046,59.482567],[24.710012,59.482503],[24.709962,59.482451],[24.709913,59.482433],[24.709854,59.482399],[24.709849,59.482386],[24.709844,59.482371],[24.709851,59.482352],[24.709884,59.482318],[24.709915,59.48227],[24.709946,59.48224],[24.710051,59.482164],[24.71014,59.48211],[24.710226,59.482066],[24.710402,59.481948],[24.710555,59.481863],[24.710628,59.48183],[24.710702,59.481804],[24.710759,59.481767],[24.71099,59.481635],[24.711174,59.481522],[24.711242,59.481488],[24.711322,59.481433],[24.711432,59.481367],[24.711524,59.481326],[24.711572,59.481294],[24.71164,59.481246],[24.711665,59.481221],[24.711678,59.481194],[24.711703,59.481176],[24.71174,59.481157],[24.711787,59.481122],[24.711837,59.481068],[24.711908,59.481038],[24.71197,59.480991],[24.712017,59.48095],[24.712105,59.480856],[24.712129,59.480827],[24.712151,59.480785],[24.712169,59.480738],[24.712224,59.480637],[24.712231,59.480613],[24.712243,59.480593],[24.712269,59.480572],[24.712284,59.480483],[24.71227,59.480405],[24.712272,59.480375],[24.712264,59.480317],[24.712267,59.480216],[24.71224,59.480145],[24.712231,59.480095],[24.712216,59.480073],[24.712213,59.480046],[24.712218,59.479996],[24.712212,59.479944],[24.712192,59.479922],[24.712196,59.479903],[24.712254,59.479857],[24.712269,59.47983],[24.712268,59.479809],[24.712251,59.479784],[24.712279,59.47976],[24.712286,59.479737],[24.712275,59.479728],[24.71222,59.479711],[24.712216,59.479694],[24.712237,59.479646],[24.712263,59.479617],[24.712259,59.47956],[24.712288,59.479467],[24.7123,59.479449],[24.712322,59.479434],[24.712344,59.479428],[24.712357,59.479413],[24.712378,59.479362],[24.712389,59.479299],[24.712434,59.479237],[24.71246,59.479188],[24.712516,59.479123],[24.712548,59.479063],[24.712647,59.478945],[24.712657,59.478909],[24.712659,59.478877],[24.712693,59.478813],[24.712701,59.478783],[24.712697,59.478603],[24.712703,59.478536],[24.712688,59.478464],[24.712655,59.478352],[24.712608,59.478274],[24.712608,59.47826],[24.712615,59.478249],[24.712634,59.478234],[24.71265,59.478209],[24.712657,59.478179],[24.71264,59.478138],[24.712639,59.47808],[24.712652,59.478044],[24.712681,59.478006],[24.712744,59.477941],[24.712759,59.4779],[24.712749,59.477847],[24.712734,59.477834],[24.712735,59.47782],[24.712753,59.477789],[24.712836,59.477723],[24.712849,59.477683],[24.712867,59.477661],[24.712882,59.477633],[24.712975,59.47755],[24.712999,59.47754],[24.713031,59.477536],[24.713099,59.477514],[24.713183,59.477456],[24.713254,59.477413],[24.71328,59.4774],[24.713372,59.477364],[24.713404,59.47734],[24.713455,59.477312],[24.713605,59.477251],[24.713786,59.47719],[24.71393,59.477146],[24.714134,59.477092],[24.71439,59.477027],[24.714638,59.476951],[24.715386,59.476765],[24.715853,59.47667],[24.715966,59.476645],[24.716284,59.476593],[24.716461,59.476557],[24.716787,59.476479],[24.717107,59.476407],[24.717357,59.476369],[24.7177,59.476323],[24.7186,59.476226],[24.718671,59.476214],[24.718754,59.476205],[24.718869,59.476184],[24.719083,59.476155],[24.719299,59.476119],[24.719411,59.476094],[24.719467,59.476084],[24.719545,59.476059],[24.719667,59.476038],[24.719836,59.476017],[24.719893,59.476003],[24.720019,59.475965],[24.720122,59.47594],[24.720234,59.475898],[24.720423,59.47581],[24.72056,59.475722],[24.720672,59.47567],[24.720722,59.475652],[24.7209,59.475565],[24.721089,59.475468],[24.721138,59.475449],[24.721254,59.475393],[24.721384,59.475355],[24.721419,59.47534],[24.721445,59.475322],[24.721494,59.475275],[24.721577,59.475218],[24.72167,59.475135],[24.721737,59.475084],[24.721879,59.474984],[24.721928,59.474942],[24.721997,59.474898],[24.722013,59.474878],[24.722025,59.474841],[24.722064,59.474761],[24.722115,59.474682],[24.722154,59.474637],[24.722198,59.474604],[24.722223,59.474575],[24.72233,59.474491],[24.722341,59.474475],[24.722355,59.474466],[24.722402,59.474453],[24.722453,59.474411],[24.722575,59.474337],[24.722666,59.474298],[24.722788,59.474253],[24.72315,59.474134],[24.723627,59.473987],[24.72412,59.47384],[24.724922,59.473628],[24.725277,59.473548],[24.725736,59.473438],[24.726047,59.473374],[24.726326,59.473324],[24.72661,59.473279],[24.727152,59.47321],[24.727363,59.473188],[24.72786,59.473148],[24.728506,59.473149],[24.728635,59.473143],[24.728738,59.473108],[24.728741,59.473021],[24.728671,59.473023],[24.72848,59.473029],[24.726288,59.473024],[24.725225,59.473028],[24.723919,59.473028],[24.723891,59.473011],[24.723775,59.472997],[24.723624,59.472988],[24.723568,59.472993],[24.723533,59.472991],[24.723515,59.472988],[24.723446,59.472946],[24.723419,59.472921],[24.723397,59.472891],[24.72339,59.472851],[24.723237,59.472748],[24.723192,59.472695],[24.723139,59.472599],[24.723104,59.472572],[24.723031,59.472538],[24.723015,59.472518],[24.722993,59.472485],[24.722982,59.472439],[24.722986,59.472294],[24.722947,59.472198],[24.722909,59.47216],[24.722898,59.472143],[24.722884,59.47213],[24.722826,59.472097],[24.722697,59.472004],[24.722681,59.471978],[24.722647,59.471941],[24.722603,59.471896],[24.722553,59.471853],[24.722466,59.471814],[24.722353,59.471745],[24.722258,59.471692],[24.72222,59.471676],[24.721981,59.471552],[24.721945,59.471525],[24.721887,59.471496],[24.721852,59.471473],[24.721744,59.471388],[24.721689,59.471353],[24.721651,59.471323],[24.721552,59.471264],[24.721512,59.471245],[24.721406,59.471206],[24.721333,59.471169],[24.721253,59.471137],[24.721179,59.471099],[24.721097,59.471043],[24.721066,59.471016],[24.721019,59.470991],[24.720935,59.470967],[24.720892,59.470945],[24.720741,59.470842],[24.720694,59.470783],[24.720677,59.470768],[24.720583,59.47072],[24.720544,59.470708],[24.720517,59.47069],[24.720367,59.470551],[24.720328,59.470503],[24.720274,59.470455],[24.720227,59.47044],[24.720139,59.470362],[24.720077,59.470359],[24.72006,59.470355],[24.72001,59.470315],[24.719951,59.470258],[24.719883,59.47021],[24.719847,59.470177],[24.719786,59.470118],[24.719764,59.470085],[24.719711,59.470025],[24.71967,59.469972],[24.719588,59.469838],[24.719478,59.469633],[24.719458,59.469576],[24.71941,59.469488],[24.719383,59.469437],[24.719307,59.469343],[24.719295,59.469303],[24.719288,59.469202],[24.719275,59.469135],[24.719253,59.469077],[24.719235,59.46906],[24.719203,59.469049],[24.719133,59.46904],[24.719096,59.46904],[24.719082,59.469037],[24.719057,59.46902],[24.719038,59.469002],[24.719015,59.468972],[24.718969,59.468878],[24.718928,59.468838],[24.718881,59.468748],[24.718814,59.468717],[24.718784,59.468689],[24.718705,59.468566],[24.71864,59.468484],[24.718596,59.468446],[24.718568,59.468413],[24.718556,59.468367],[24.718549,59.468305],[24.718536,59.468096],[24.718522,59.468034],[24.71848,59.467954],[24.718417,59.467858],[24.718336,59.467712],[24.718298,59.467605],[24.718236,59.4674],[24.718153,59.467198],[24.718114,59.467109],[24.718092,59.467072],[24.718048,59.467022],[24.717974,59.466908],[24.717935,59.466827],[24.717863,59.466624],[24.717802,59.466529],[24.717728,59.466441],[24.717673,59.466358],[24.717574,59.466192],[24.717469,59.465934],[24.717452,59.465906],[24.717431,59.465883],[24.717315,59.465798],[24.717176,59.465679],[24.717003,59.465551],[24.716885,59.465453],[24.716754,59.465317],[24.716622,59.465165],[24.716428,59.464894],[24.716395,59.464837],[24.716383,59.464788],[24.716351,59.464721],[24.716337,59.464631],[24.71634,59.464517],[24.716325,59.464451],[24.716235,59.464241],[24.716203,59.464142],[24.716322,59.464105],[24.715983,59.463971],[24.715934,59.463985],[24.715862,59.463969],[24.715786,59.463908],[24.715673,59.463828],[24.715315,59.463691],[24.715024,59.463516],[24.715217,59.463425],[24.710658,59.460811],[24.709993,59.460423],[24.708325,59.459477],[24.707597,59.459058],[24.707186,59.458827],[24.707132,59.458801],[24.705356,59.459074],[24.703199,59.459417],[24.702938,59.458976],[24.705019,59.458323],[24.704985,59.458301],[24.705001,59.45821],[24.704902,59.458152],[24.702925,59.457705],[24.703241,59.457361],[24.702577,59.456567],[24.701911,59.456407],[24.701428,59.456285],[24.700007,59.455942],[24.700151,59.455781],[24.700315,59.455587],[24.700389,59.455535],[24.700906,59.455693],[24.700958,59.455659],[24.700453,59.455496],[24.700564,59.455408],[24.701062,59.455552],[24.701098,59.455548],[24.701466,59.455239],[24.701526,59.455233],[24.702216,59.455438],[24.703075,59.455701],[24.703117,59.45567],[24.703134,59.455667],[24.703375,59.455741],[24.703516,59.455788],[24.703548,59.455791],[24.703705,59.455822],[24.703922,59.455881],[24.704086,59.455907],[24.704163,59.455909],[24.704186,59.455919],[24.704216,59.455954],[24.704243,59.455967],[24.704324,59.45599],[24.704442,59.456028],[24.704507,59.456045],[24.704564,59.456042],[24.704878,59.45613],[24.705095,59.456193],[24.705166,59.456217],[24.705246,59.456266],[24.705299,59.456307],[24.70533,59.456331],[24.705414,59.456378],[24.705445,59.456411],[24.705479,59.45646],[24.705534,59.456514],[24.705574,59.456543],[24.705697,59.456606],[24.705786,59.456662],[24.705758,59.456711],[24.705782,59.456724],[24.705805,59.456745],[24.705804,59.456763],[24.70582,59.456787],[24.705852,59.456817],[24.705884,59.456838],[24.70591,59.456868],[24.70594,59.456986],[24.706003,59.457056],[24.706106,59.45728],[24.706275,59.457258],[24.706322,59.457329],[24.706217,59.457351],[24.706162,59.457375],[24.70614,59.45742],[24.706193,59.457497],[24.70624,59.457526],[24.706286,59.457545],[24.706324,59.457557],[24.70649,59.457588],[24.706545,59.457607],[24.706606,59.457616],[24.706601,59.457633],[24.709221,59.458015],[24.713394,59.458635],[24.715898,59.458996],[24.715997,59.458839],[24.716372,59.458171],[24.716382,59.458161],[24.716407,59.458146],[24.716737,59.457953],[24.716825,59.457948],[24.718272,59.459076],[24.718294,59.459078],[24.718711,59.458939],[24.718715,59.458928],[24.717374,59.457884],[24.719205,59.457275],[24.721332,59.458933],[24.721279,59.459058],[24.718595,59.459951],[24.71859,59.459961],[24.718804,59.460129],[24.721879,59.459109],[24.721855,59.459091],[24.723897,59.458411],[24.723758,59.458306],[24.723639,59.458348],[24.723711,59.458404],[24.723341,59.458527],[24.722827,59.458696],[24.722194,59.458905],[24.722069,59.458946],[24.721954,59.458867],[24.721875,59.458813],[24.721856,59.4588],[24.721806,59.458765],[24.721246,59.458331],[24.720728,59.457928],[24.720064,59.457411],[24.71943,59.456922],[24.719244,59.456775],[24.719365,59.456263],[24.719492,59.455715],[24.71958,59.455333],[24.719754,59.454627],[24.719766,59.45458],[24.719568,59.454499],[24.719544,59.454481],[24.719534,59.454463],[24.719534,59.454445],[24.719555,59.454422],[24.720381,59.453795],[24.720804,59.453508],[24.720887,59.453481],[24.720882,59.453473],[24.721449,59.45329],[24.722394,59.452977],[24.724413,59.452299],[24.725368,59.451975],[24.725414,59.451969],[24.725613,59.451914],[24.72656,59.452623],[24.726921,59.452506],[24.726893,59.452475],[24.726799,59.452423],[24.726819,59.452415],[24.726854,59.452392],[24.726875,59.452371],[24.726947,59.452337],[24.72713,59.452438],[24.727585,59.452278],[24.72792,59.452592],[24.727929,59.452601],[24.7279,59.452614],[24.728085,59.452798],[24.728132,59.452845],[24.728493,59.453168],[24.728877,59.453529],[24.7293,59.453915],[24.73021,59.454757],[24.730353,59.454716],[24.729374,59.453812],[24.729421,59.453798],[24.729278,59.453676],[24.72923,59.453684],[24.728224,59.452759],[24.728174,59.452713],[24.729853,59.452172],[24.730099,59.452363],[24.730449,59.452636],[24.730968,59.453039],[24.730993,59.453058],[24.731251,59.452976],[24.731898,59.453477],[24.73242,59.45388],[24.732438,59.453882],[24.732688,59.4538],[24.733201,59.453631],[24.733373,59.453574],[24.733569,59.453507],[24.733667,59.453473],[24.733657,59.453464],[24.733989,59.453357],[24.734553,59.453175],[24.734526,59.453151],[24.734704,59.453096],[24.734931,59.453027],[24.734917,59.453018],[24.734926,59.453011],[24.734996,59.453001],[24.735044,59.453016],[24.735201,59.453007],[24.73522,59.453109],[24.736757,59.453059],[24.737277,59.453043],[24.737787,59.453026],[24.738978,59.452988],[24.739501,59.452977],[24.739534,59.453466],[24.739559,59.453834],[24.739584,59.454249],[24.739605,59.454594],[24.739643,59.454595],[24.739644,59.45461],[24.738652,59.455159],[24.738595,59.455138],[24.737438,59.455142],[24.737134,59.455136],[24.737131,59.455108],[24.737102,59.455096],[24.736922,59.455097],[24.736893,59.455108],[24.736897,59.4552],[24.736907,59.455209],[24.737433,59.455217],[24.738682,59.455214],[24.739118,59.455001],[24.739765,59.454635],[24.739804,59.454645],[24.740127,59.454463],[24.739958,59.454391],[24.739802,59.454385],[24.739678,59.452531],[24.739705,59.452422],[24.73975,59.452325],[24.739778,59.45223],[24.739818,59.452151],[24.739967,59.452122],[24.740181,59.452103],[24.740191,59.452048],[24.740184,59.451866],[24.74025,59.451811],[24.740324,59.451762],[24.740452,59.45172],[24.740491,59.451707],[24.740512,59.451682],[24.740663,59.451603],[24.740779,59.451556],[24.740934,59.451505],[24.741032,59.451477],[24.741102,59.451446],[24.741371,59.451369],[24.741515,59.451325],[24.741623,59.451294],[24.741717,59.451261],[24.741815,59.45123],[24.741893,59.451201],[24.742021,59.451147],[24.74216,59.451089],[24.742261,59.451045],[24.742364,59.451002],[24.742384,59.450993],[24.742552,59.450914],[24.742646,59.450868],[24.742804,59.450787],[24.742964,59.450703],[24.74309,59.450632],[24.743216,59.450561],[24.743243,59.450546],[24.743264,59.450531],[24.743307,59.450487],[24.743356,59.450435],[24.743408,59.45037],[24.743504,59.450283],[24.74343,59.450262],[24.743554,59.450108],[24.74369,59.449944],[24.743889,59.449718],[24.743961,59.449624],[24.744009,59.449545],[24.743978,59.449538],[24.743978,59.449527],[24.744007,59.44948],[24.744021,59.44944],[24.744039,59.449407],[24.744066,59.44938],[24.744147,59.449318],[24.744206,59.449263],[24.74429,59.449204],[24.744365,59.449152],[24.744452,59.449088],[24.744511,59.44905],[24.744558,59.449015],[24.744618,59.448965],[24.744675,59.448905],[24.744702,59.448881],[24.744741,59.448849],[24.74475,59.448841],[24.744813,59.448783],[24.744838,59.44876],[24.744883,59.448704],[24.744954,59.448647],[24.744962,59.448641],[24.744988,59.448628],[24.745035,59.44861],[24.745262,59.448525],[24.745938,59.44833],[24.746129,59.448285],[24.746412,59.448209],[24.747334,59.447981],[24.747464,59.447954],[24.747574,59.447938],[24.747678,59.447926],[24.747936,59.447914],[24.748241,59.447906],[24.748696,59.447886],[24.748989,59.447876],[24.749165,59.447866],[24.749367,59.448071],[24.749413,59.448099],[24.749534,59.448145],[24.749525,59.448069],[24.749481,59.448012],[24.749378,59.447918],[24.749297,59.447853],[24.74924,59.447824],[24.74914,59.447732],[24.749294,59.447625],[24.749421,59.447574],[24.749519,59.447544],[24.749573,59.447534],[24.749633,59.447531],[24.749852,59.447749],[24.749941,59.447832],[24.750053,59.447915],[24.750059,59.447919],[24.750112,59.447901],[24.750092,59.447885],[24.750094,59.44788],[24.749978,59.447788],[24.749957,59.447785],[24.749687,59.44752],[24.749718,59.44749],[24.749714,59.447466],[24.749836,59.44742],[24.750018,59.447356],[24.750226,59.447288],[24.750259,59.44728],[24.75028,59.447279],[24.750298,59.447283],[24.750357,59.447298],[24.750408,59.447314],[24.750438,59.447318],[24.750474,59.447317],[24.750553,59.447306],[24.7506,59.447321],[24.750693,59.447243],[24.75057,59.447208],[24.750551,59.447209],[24.750107,59.447081],[24.749167,59.446798],[24.748556,59.44661],[24.748501,59.446599],[24.747455,59.446206],[24.747462,59.446193],[24.747469,59.446181],[24.747469,59.446169],[24.747469,59.446151],[24.747474,59.446133],[24.747477,59.446122],[24.747626,59.446055],[24.747777,59.445987],[24.748153,59.445819],[24.748322,59.445737],[24.748433,59.445748],[24.748442,59.445745],[24.748573,59.445758],[24.748898,59.445783],[24.748896,59.445788],[24.748764,59.446072],[24.748713,59.446187],[24.748645,59.446344],[24.748884,59.446411],[24.749373,59.446541],[24.749444,59.446558],[24.749594,59.446596],[24.749626,59.446604],[24.749708,59.446624],[24.749783,59.446623],[24.749927,59.44664],[24.750007,59.446655],[24.750152,59.446689],[24.750288,59.446711],[24.750438,59.446749],[24.750499,59.44676],[24.750656,59.446771],[24.750707,59.44678],[24.750854,59.446823],[24.750904,59.446845],[24.750926,59.446868],[24.750931,59.446888],[24.750895,59.446978],[24.750889,59.447009],[24.750903,59.447023],[24.751498,59.447188],[24.751519,59.447199],[24.751533,59.447228],[24.751531,59.447358],[24.751539,59.447372],[24.751548,59.447383],[24.751567,59.447395],[24.751591,59.447403],[24.751782,59.447416],[24.752552,59.447447],[24.752408,59.448435],[24.752448,59.448436],[24.752547,59.448438],[24.752753,59.448443],[24.752728,59.448642],[24.752726,59.448654],[24.753017,59.448668],[24.75304,59.44854],[24.753191,59.448545],[24.753187,59.448576],[24.753176,59.44858],[24.753154,59.448594],[24.753142,59.448611],[24.753142,59.448629],[24.753155,59.448646],[24.753178,59.448659],[24.753209,59.448668],[24.753244,59.448671],[24.753279,59.448668],[24.753309,59.448659],[24.753332,59.448645],[24.753344,59.448628],[24.753343,59.44861],[24.753331,59.448593],[24.753308,59.448579],[24.753298,59.448576],[24.753302,59.44855],[24.753459,59.448557],[24.753435,59.448688],[24.753744,59.4487],[24.753779,59.448481],[24.753779,59.448481]]],[[[24.751322,59.451213],[24.751494,59.451121],[24.751645,59.451007],[24.751726,59.450956],[24.751773,59.450922],[24.751839,59.450904],[24.751948,59.450898],[24.752145,59.450898],[24.752225,59.450904],[24.752329,59.450933],[24.7524,59.450948],[24.752449,59.450944],[24.752503,59.45092],[24.752555,59.450886],[24.752853,59.450784],[24.752902,59.450759],[24.752975,59.450722],[24.753016,59.450696],[24.75303,59.45069],[24.753047,59.450679],[24.753066,59.450671],[24.753076,59.450664],[24.753074,59.450651],[24.753065,59.450641],[24.753044,59.450636],[24.753002,59.450637],[24.752965,59.450635],[24.752926,59.450632],[24.752895,59.450632],[24.752853,59.450641],[24.752823,59.450655],[24.752815,59.450664],[24.752756,59.450708],[24.752745,59.450744],[24.752726,59.450764],[24.752667,59.450777],[24.752597,59.450778],[24.752543,59.450758],[24.752474,59.450747],[24.752439,59.450758],[24.75242,59.450777],[24.752429,59.450797],[24.75244,59.450814],[24.752436,59.450837],[24.752412,59.450852],[24.752367,59.450859],[24.752319,59.450859],[24.752263,59.450852],[24.752178,59.450828],[24.752097,59.45081],[24.752024,59.450802],[24.751941,59.450795],[24.751853,59.450799],[24.751805,59.45081],[24.751767,59.45083],[24.751738,59.450855],[24.751718,59.450882],[24.751694,59.450915],[24.75167,59.450945],[24.751623,59.450971],[24.751581,59.450989],[24.75154,59.451],[24.751484,59.451007],[24.751445,59.451027],[24.75143,59.451064],[24.751406,59.451093],[24.75137,59.451114],[24.751315,59.451134],[24.751239,59.451157],[24.751202,59.451157],[24.751176,59.451157],[24.751135,59.45116],[24.751098,59.45117],[24.75106,59.451182],[24.751036,59.451195],[24.751033,59.451199],[24.751026,59.45121],[24.751029,59.451219],[24.75104,59.451225],[24.751068,59.451232],[24.751099,59.451236],[24.751129,59.451238],[24.751174,59.451239],[24.751231,59.451239],[24.751322,59.451213]]],[[[24.735057,59.454694],[24.734969,59.454593],[24.734937,59.4546],[24.734808,59.454627],[24.734885,59.454732],[24.73503,59.4547],[24.735057,59.454694]]],[[[24.659637,59.455079],[24.659519,59.455021],[24.65806,59.45574],[24.658175,59.455804],[24.659637,59.455079]]],[[[24.734162,59.455318],[24.734237,59.455281],[24.734291,59.455281],[24.734525,59.455174],[24.735097,59.45487],[24.735193,59.454849],[24.735119,59.45476],[24.73508,59.454769],[24.734939,59.454801],[24.734974,59.45485],[24.734115,59.45529],[24.734162,59.455318]]],[[[24.735288,59.455683],[24.735268,59.45568],[24.735212,59.455684],[24.735033,59.455711],[24.73489,59.455737],[24.73467,59.455751],[24.73423,59.455801],[24.733809,59.455876],[24.733654,59.455916],[24.733583,59.455929],[24.733452,59.455933],[24.733259,59.455944],[24.733042,59.455976],[24.732954,59.455998],[24.732912,59.45602],[24.732909,59.456035],[24.732927,59.456045],[24.73297,59.456049],[24.733103,59.456036],[24.733328,59.456023],[24.733737,59.455966],[24.733973,59.455944],[24.734356,59.455876],[24.734904,59.455795],[24.735139,59.455766],[24.735267,59.455744],[24.735298,59.455725],[24.735303,59.455698],[24.735288,59.455683]]],[[[24.727928,59.457065],[24.72824,59.456963],[24.728814,59.456765],[24.730172,59.456324],[24.730511,59.456207],[24.73047,59.456162],[24.729117,59.456619],[24.727999,59.456989],[24.727941,59.456949],[24.727825,59.456987],[24.727814,59.456998],[24.727809,59.457014],[24.727867,59.457068],[24.727901,59.457071],[24.727928,59.457065]]],[[[24.724808,59.458102],[24.725123,59.457996],[24.725633,59.457832],[24.72611,59.45766],[24.727062,59.457335],[24.727025,59.45729],[24.726993,59.457275],[24.726945,59.457271],[24.726793,59.457326],[24.726836,59.457363],[24.725246,59.457895],[24.72485,59.458018],[24.724803,59.457989],[24.72467,59.458024],[24.724662,59.458034],[24.724664,59.458055],[24.724699,59.458094],[24.724751,59.458107],[24.724808,59.458102]]]]}},{"type":"Feature","id":"kesklinn","properties":{"id":"kesklinn","name":"Kesklinna linnaosa","ehak":"0298","observed_on":"2026-09-02"},"geometry":{"type":"MultiPolygon","coordinates":[[[[24.779172,59.59148],[24.779297,59.591464],[24.7794,59.591467],[24.779473,59.591466],[24.779639,59.591414],[24.77969,59.591395],[24.780035,59.591379],[24.780077,59.591374],[24.780088,59.591361],[24.780087,59.591349],[24.780076,59.591338],[24.780005,59.591311],[24.779755,59.591269],[24.779725,59.591262],[24.779717,59.591247],[24.779719,59.591232],[24.779748,59.591217],[24.779793,59.591205],[24.779867,59.591197],[24.779953,59.591193],[24.780057,59.591174],[24.780151,59.591145],[24.780238,59.591124],[24.780333,59.591116],[24.780547,59.591105],[24.780817,59.591108],[24.780953,59.591106],[24.781057,59.591093],[24.781194,59.591084],[24.781539,59.591112],[24.781571,59.591123],[24.781656,59.591165],[24.781681,59.591169],[24.781806,59.591157],[24.781866,59.591157],[24.781933,59.59115],[24.782006,59.591131],[24.782064,59.591111],[24.782122,59.591096],[24.782242,59.591073],[24.782373,59.591042],[24.782447,59.591011],[24.782487,59.590989],[24.782522,59.590955],[24.782536,59.590928],[24.782549,59.590879],[24.782575,59.590848],[24.782619,59.590828],[24.782705,59.590796],[24.782761,59.590783],[24.782807,59.590782],[24.782831,59.590789],[24.782865,59.590853],[24.782896,59.590884],[24.782925,59.590903],[24.782955,59.590915],[24.783,59.59092],[24.783144,59.590912],[24.783187,59.590904],[24.783205,59.590895],[24.783216,59.59087],[24.783254,59.590833],[24.783285,59.590792],[24.783368,59.590742],[24.783388,59.590701],[24.783382,59.590678],[24.783366,59.590668],[24.783219,59.590614],[24.783025,59.590563],[24.782935,59.590529],[24.782806,59.590492],[24.782762,59.590471],[24.782732,59.590436],[24.782709,59.590388],[24.782684,59.590355],[24.782621,59.590315],[24.782597,59.590303],[24.78253,59.590279],[24.78246,59.590264],[24.782385,59.59024],[24.782343,59.590221],[24.782296,59.590213],[24.782262,59.590212],[24.782236,59.590222],[24.782198,59.590261],[24.782172,59.590271],[24.78213,59.590274],[24.782018,59.590251],[24.78195,59.590231],[24.781836,59.590176],[24.781679,59.59009],[24.781554,59.590032],[24.781419,59.589985],[24.781368,59.589958],[24.781333,59.589934],[24.781235,59.589891],[24.781174,59.589869],[24.781154,59.58985],[24.781152,59.58976],[24.781193,59.589653],[24.781299,59.589551],[24.78133,59.589511],[24.781367,59.589496],[24.781419,59.589485],[24.781432,59.589475],[24.781425,59.589407],[24.781441,59.589383],[24.781506,59.589333],[24.78155,59.589321],[24.781587,59.589319],[24.781641,59.589324],[24.781688,59.589332],[24.781748,59.589349],[24.781781,59.589351],[24.78183,59.589334],[24.781854,59.58932],[24.781885,59.589276],[24.781879,59.589259],[24.781887,59.589236],[24.781914,59.589203],[24.781947,59.589183],[24.781981,59.589179],[24.782023,59.589183],[24.782064,59.589195],[24.782175,59.589213],[24.782281,59.589207],[24.78234,59.589213],[24.782421,59.589235],[24.782508,59.589254],[24.782559,59.589259],[24.782607,59.589254],[24.782661,59.589241],[24.782716,59.589237],[24.782885,59.589282],[24.782978,59.589319],[24.783054,59.589334],[24.783085,59.589332],[24.78313,59.589317],[24.783188,59.589313],[24.783226,59.589304],[24.783241,59.589291],[24.783231,59.589271],[24.783208,59.589257],[24.783172,59.589224],[24.78313,59.589205],[24.783121,59.589196],[24.783118,59.589185],[24.78318,59.589134],[24.783192,59.589103],[24.783186,59.589075],[24.783144,59.589037],[24.783106,59.589017],[24.783062,59.589001],[24.783001,59.588992],[24.782971,59.588983],[24.782947,59.588962],[24.782943,59.588943],[24.78295,59.588917],[24.782998,59.588863],[24.783203,59.58872],[24.783233,59.588707],[24.78332,59.588679],[24.783368,59.588641],[24.783396,59.588598],[24.783412,59.588524],[24.78341,59.588498],[24.7834,59.588478],[24.783385,59.588461],[24.783378,59.588439],[24.78337,59.588296],[24.783392,59.588046],[24.783404,59.588025],[24.783445,59.587987],[24.783664,59.587834],[24.783817,59.587748],[24.784043,59.587645],[24.7842,59.587556],[24.784265,59.587514],[24.784309,59.587495],[24.784475,59.587463],[24.784509,59.587452],[24.784531,59.587435],[24.784558,59.587341],[24.784579,59.587323],[24.784655,59.587282],[24.784736,59.587229],[24.784782,59.587215],[24.784855,59.587183],[24.784945,59.587123],[24.784974,59.587093],[24.784994,59.587053],[24.785019,59.587017],[24.785045,59.586997],[24.785064,59.586942],[24.785121,59.58689],[24.785202,59.58683],[24.785263,59.586778],[24.78539,59.586686],[24.78602,59.586344],[24.786229,59.586174],[24.786269,59.586151],[24.786335,59.586133],[24.786407,59.586125],[24.786483,59.586105],[24.786501,59.586081],[24.786496,59.586041],[24.786482,59.586021],[24.78644,59.585985],[24.786223,59.585905],[24.786104,59.585865],[24.78606,59.585843],[24.786014,59.585807],[24.785959,59.585752],[24.785952,59.585721],[24.785937,59.585693],[24.78591,59.585599],[24.785894,59.585564],[24.785869,59.585534],[24.785837,59.585507],[24.785808,59.585475],[24.785794,59.585446],[24.785771,59.585319],[24.785828,59.585214],[24.785837,59.585187],[24.785834,59.58516],[24.785798,59.585108],[24.785802,59.58505],[24.785788,59.585021],[24.785748,59.584981],[24.78572,59.584926],[24.785613,59.584801],[24.785593,59.584764],[24.785647,59.58461],[24.785645,59.584536],[24.785604,59.584496],[24.7856,59.584481],[24.78561,59.584468],[24.785617,59.584444],[24.785605,59.584412],[24.785573,59.584371],[24.78554,59.584348],[24.785403,59.584311],[24.78529,59.58429],[24.785192,59.584262],[24.785163,59.584253],[24.785084,59.584217],[24.784925,59.584103],[24.78483,59.583993],[24.784719,59.583885],[24.784621,59.583797],[24.784575,59.583772],[24.784374,59.583727],[24.784134,59.583661],[24.783951,59.583602],[24.783884,59.583594],[24.78379,59.583592],[24.78368,59.583596],[24.783594,59.583617],[24.783529,59.583638],[24.783304,59.583727],[24.78319,59.583742],[24.783072,59.58374],[24.782892,59.583724],[24.78275,59.583708],[24.782445,59.583662],[24.782276,59.583627],[24.782129,59.583586],[24.781981,59.583535],[24.781783,59.583455],[24.78156,59.583351],[24.781202,59.583191],[24.780655,59.582922],[24.780257,59.582719],[24.780096,59.582626],[24.77988,59.582521],[24.77976,59.582477],[24.779554,59.582431],[24.77939,59.582372],[24.77919,59.58229],[24.778631,59.582151],[24.778547,59.582124],[24.778317,59.58204],[24.778251,59.582018],[24.778098,59.581977],[24.778007,59.581943],[24.777869,59.581879],[24.777616,59.581725],[24.777368,59.58156],[24.777272,59.58149],[24.77714,59.581385],[24.777003,59.581287],[24.77691,59.581207],[24.776784,59.581118],[24.776618,59.58098],[24.776555,59.580924],[24.776411,59.580772],[24.776363,59.580703],[24.776277,59.580556],[24.776251,59.580483],[24.776226,59.580383],[24.776215,59.580306],[24.776217,59.580241],[24.776204,59.580168],[24.776203,59.580159],[24.776163,59.580076],[24.77606,59.579892],[24.775986,59.579793],[24.775938,59.579737],[24.775744,59.579609],[24.775621,59.579536],[24.775437,59.579446],[24.775304,59.579372],[24.775121,59.579293],[24.774845,59.579198],[24.77457,59.579134],[24.774312,59.579064],[24.774036,59.578967],[24.773834,59.578876],[24.773516,59.578721],[24.773446,59.578678],[24.773198,59.578498],[24.773049,59.578374],[24.772872,59.578217],[24.772837,59.578171],[24.772735,59.578059],[24.772682,59.578005],[24.772644,59.577975],[24.772571,59.577926],[24.77244,59.577864],[24.772107,59.577734],[24.772056,59.577704],[24.77202,59.577669],[24.771947,59.57757],[24.771827,59.577441],[24.771775,59.577379],[24.771632,59.577241],[24.771515,59.577139],[24.77146,59.577101],[24.771369,59.577051],[24.771265,59.577003],[24.771162,59.576937],[24.770976,59.576831],[24.770925,59.57678],[24.770873,59.576743],[24.770763,59.576696],[24.770709,59.576664],[24.770495,59.576493],[24.770357,59.576435],[24.770305,59.57641],[24.770224,59.576383],[24.770068,59.576339],[24.769949,59.5763],[24.769875,59.576284],[24.769776,59.576272],[24.76945,59.57622],[24.769392,59.576214],[24.769323,59.576198],[24.769102,59.57612],[24.768987,59.576064],[24.768877,59.576019],[24.768564,59.575908],[24.768466,59.575869],[24.768223,59.575811],[24.768166,59.575787],[24.767932,59.575721],[24.767679,59.575617],[24.767634,59.575602],[24.76738,59.575539],[24.767136,59.575459],[24.767057,59.575438],[24.766735,59.57537],[24.766568,59.575327],[24.766503,59.575299],[24.766469,59.575276],[24.766401,59.575261],[24.766349,59.575257],[24.76623,59.575225],[24.766015,59.575132],[24.765946,59.575096],[24.765881,59.575041],[24.765697,59.574915],[24.765601,59.574856],[24.765546,59.574814],[24.765319,59.574691],[24.765223,59.574653],[24.76495,59.574532],[24.764836,59.574462],[24.764806,59.574424],[24.764771,59.574393],[24.764739,59.574378],[24.764647,59.574364],[24.764626,59.574357],[24.76459,59.574333],[24.764499,59.57429],[24.764433,59.57427],[24.764258,59.574194],[24.764192,59.574146],[24.764031,59.574041],[24.76389,59.573989],[24.763816,59.57397],[24.763708,59.573924],[24.763467,59.573808],[24.763396,59.573749],[24.76335,59.573702],[24.763349,59.57361],[24.763329,59.573433],[24.76329,59.573373],[24.763224,59.573322],[24.763194,59.573289],[24.763141,59.573187],[24.763133,59.573074],[24.763122,59.573059],[24.763101,59.573047],[24.763001,59.573022],[24.762707,59.572936],[24.762659,59.572909],[24.762609,59.572889],[24.762405,59.572846],[24.76233,59.572837],[24.762127,59.572825],[24.762016,59.572825],[24.76184,59.572819],[24.761758,59.57282],[24.761604,59.572808],[24.761433,59.572819],[24.761329,59.57283],[24.761203,59.572835],[24.761046,59.572845],[24.760955,59.572856],[24.760865,59.57286],[24.760806,59.572849],[24.760768,59.572845],[24.760561,59.572863],[24.76041,59.572869],[24.759971,59.572881],[24.759899,59.57288],[24.759733,59.572868],[24.759678,59.572856],[24.759579,59.572825],[24.759433,59.572806],[24.759226,59.572793],[24.758932,59.572754],[24.758861,59.572731],[24.758744,59.572704],[24.75841,59.572666],[24.758201,59.572626],[24.758149,59.572607],[24.758091,59.57258],[24.75789,59.572513],[24.75781,59.572477],[24.757746,59.57244],[24.7577,59.572423],[24.75757,59.572387],[24.757503,59.572362],[24.757458,59.572334],[24.757405,59.572294],[24.757379,59.572266],[24.757369,59.572248],[24.757356,59.572202],[24.757359,59.572176],[24.757382,59.572153],[24.757461,59.572034],[24.757481,59.572026],[24.757501,59.572014],[24.757517,59.571997],[24.757523,59.571957],[24.757512,59.571932],[24.757455,59.57191],[24.757438,59.571915],[24.757414,59.571927],[24.757397,59.571926],[24.757388,59.571918],[24.757417,59.571872],[24.757408,59.571859],[24.757382,59.571864],[24.757362,59.571859],[24.757348,59.571851],[24.75736,59.571835],[24.757447,59.571651],[24.757433,59.571624],[24.757478,59.571584],[24.757843,59.571275],[24.758078,59.571106],[24.757976,59.57107],[24.757889,59.57104],[24.757844,59.571029],[24.757811,59.571028],[24.75772,59.571075],[24.757621,59.57114],[24.757456,59.571273],[24.757258,59.571516],[24.757108,59.571555],[24.756837,59.571638],[24.756518,59.571729],[24.756298,59.571818],[24.756141,59.571891],[24.755965,59.572],[24.75586,59.57206],[24.755771,59.572103],[24.755602,59.572165],[24.75553,59.572176],[24.755465,59.572197],[24.755428,59.572213],[24.755399,59.572231],[24.755186,59.572313],[24.754937,59.572419],[24.754853,59.572441],[24.754572,59.572545],[24.754287,59.572635],[24.754128,59.57268],[24.753927,59.572736],[24.753649,59.572807],[24.753364,59.572867],[24.753231,59.572902],[24.753104,59.572931],[24.752957,59.572957],[24.752842,59.572975],[24.752691,59.572991],[24.752615,59.572992],[24.752579,59.572987],[24.752542,59.572987],[24.75244,59.572996],[24.752372,59.572994],[24.752302,59.572975],[24.752206,59.572956],[24.752127,59.57293],[24.751983,59.572897],[24.751922,59.572867],[24.751892,59.57286],[24.751856,59.572857],[24.751762,59.572839],[24.751711,59.572823],[24.751666,59.572823],[24.751633,59.57283],[24.751618,59.572845],[24.751568,59.572856],[24.751373,59.572855],[24.751184,59.572877],[24.751022,59.572907],[24.750925,59.572932],[24.750729,59.572939],[24.750658,59.572949],[24.750492,59.573001],[24.750379,59.573027],[24.750176,59.573085],[24.750113,59.5731],[24.750045,59.573101],[24.749961,59.573107],[24.749911,59.573117],[24.749885,59.573126],[24.749851,59.573126],[24.749823,59.573118],[24.749789,59.573118],[24.749765,59.573128],[24.74964,59.573166],[24.749555,59.573188],[24.749478,59.573202],[24.749351,59.573206],[24.749315,59.573211],[24.749282,59.573234],[24.749236,59.573257],[24.749156,59.573282],[24.749016,59.573314],[24.748822,59.57334],[24.748637,59.573355],[24.748438,59.573338],[24.748365,59.573324],[24.748307,59.573321],[24.748273,59.57332],[24.748228,59.573329],[24.748148,59.573359],[24.748092,59.573364],[24.748051,59.573361],[24.747863,59.573338],[24.747794,59.573324],[24.74776,59.573312],[24.747703,59.573274],[24.747604,59.573244],[24.747548,59.573215],[24.747373,59.573103],[24.747331,59.573083],[24.747293,59.573077],[24.747224,59.573082],[24.74718,59.573091],[24.747097,59.573136],[24.747084,59.573161],[24.747139,59.573213],[24.7472,59.573255],[24.747231,59.573295],[24.747271,59.57333],[24.7473,59.573363],[24.747308,59.573387],[24.747301,59.573411],[24.747281,59.573446],[24.747218,59.573527],[24.747126,59.573605],[24.74707,59.573637],[24.747024,59.573648],[24.746992,59.57365],[24.746926,59.573647],[24.746894,59.57365],[24.746871,59.573655],[24.746861,59.573664],[24.746822,59.573766],[24.746812,59.573908],[24.746719,59.574027],[24.746662,59.574087],[24.746646,59.574123],[24.74662,59.57416],[24.746557,59.574211],[24.746506,59.574291],[24.746481,59.574347],[24.746404,59.574456],[24.746345,59.574515],[24.746301,59.574574],[24.746209,59.574674],[24.746099,59.574772],[24.745979,59.574899],[24.74576,59.575058],[24.745675,59.575125],[24.745568,59.575196],[24.745538,59.575216],[24.745228,59.575468],[24.745116,59.575574],[24.744908,59.575732],[24.744673,59.575883],[24.744561,59.57597],[24.744399,59.576081],[24.744322,59.576147],[24.744185,59.576244],[24.744105,59.57632],[24.743917,59.576476],[24.743813,59.576588],[24.743756,59.576671],[24.743683,59.576736],[24.743499,59.57687],[24.743369,59.576955],[24.743309,59.577016],[24.743171,59.577091],[24.74309,59.577125],[24.743053,59.577148],[24.743024,59.577182],[24.742999,59.577228],[24.742978,59.577316],[24.742956,59.577361],[24.742896,59.577428],[24.742822,59.577497],[24.742703,59.577656],[24.742659,59.577746],[24.742647,59.577839],[24.742619,59.577889],[24.742481,59.577996],[24.74239,59.578053],[24.74234,59.578078],[24.742113,59.57817],[24.741919,59.57829],[24.741795,59.578346],[24.741691,59.578383],[24.74143,59.57844],[24.741278,59.578539],[24.741158,59.578595],[24.74107,59.578623],[24.740744,59.57876],[24.740522,59.578838],[24.740419,59.578885],[24.740326,59.578933],[24.740231,59.578973],[24.740094,59.579021],[24.739954,59.579061],[24.739811,59.579102],[24.739656,59.579138],[24.739532,59.579177],[24.739294,59.579275],[24.739147,59.57933],[24.739073,59.579369],[24.738931,59.579471],[24.738744,59.579647],[24.738663,59.579716],[24.738659,59.57973],[24.73866,59.579768],[24.738642,59.579792],[24.738592,59.579828],[24.738551,59.579844],[24.738512,59.57985],[24.73848,59.579848],[24.73842,59.579839],[24.738392,59.579824],[24.738367,59.579783],[24.738347,59.579768],[24.738317,59.579756],[24.738291,59.579749],[24.738269,59.579749],[24.738237,59.579756],[24.738223,59.579765],[24.738216,59.579816],[24.738287,59.579868],[24.738297,59.579904],[24.738293,59.579926],[24.738278,59.579971],[24.738223,59.580042],[24.73819,59.580101],[24.738174,59.580152],[24.738149,59.580208],[24.738094,59.580247],[24.73808,59.580268],[24.738094,59.580341],[24.738148,59.580386],[24.738168,59.580403],[24.738182,59.580437],[24.738184,59.580505],[24.738173,59.580646],[24.738175,59.580731],[24.738186,59.580746],[24.738213,59.58076],[24.738254,59.580765],[24.7383,59.580787],[24.73841,59.580861],[24.738435,59.580887],[24.738435,59.580904],[24.738462,59.580938],[24.738491,59.580955],[24.738515,59.58096],[24.738571,59.580951],[24.738594,59.580955],[24.738605,59.580968],[24.738637,59.580992],[24.738796,59.581099],[24.738844,59.581147],[24.738943,59.581276],[24.738991,59.581327],[24.739134,59.581528],[24.739185,59.581613],[24.739455,59.58196],[24.739683,59.582283],[24.739792,59.58248],[24.739865,59.582659],[24.739914,59.58292],[24.739917,59.58307],[24.739915,59.583115],[24.739875,59.583291],[24.739828,59.58337],[24.739812,59.583434],[24.739811,59.583473],[24.739797,59.583501],[24.739683,59.5836],[24.739699,59.58363],[24.739748,59.583661],[24.739888,59.583731],[24.740088,59.583855],[24.740306,59.584008],[24.740417,59.584116],[24.74053,59.584238],[24.740593,59.584344],[24.740645,59.584449],[24.740659,59.584562],[24.740659,59.58472],[24.740652,59.584758],[24.740629,59.584813],[24.740604,59.584948],[24.740575,59.584992],[24.740513,59.585048],[24.74045,59.585074],[24.74028,59.585116],[24.740206,59.585148],[24.740145,59.585178],[24.740104,59.5852],[24.740083,59.585229],[24.740091,59.585256],[24.740122,59.585275],[24.740235,59.585304],[24.740307,59.585303],[24.740352,59.585298],[24.740394,59.585279],[24.740422,59.58525],[24.740458,59.585225],[24.740584,59.585196],[24.740737,59.585205],[24.740923,59.585232],[24.741244,59.585313],[24.741574,59.585409],[24.741723,59.58546],[24.741838,59.585495],[24.742081,59.58556],[24.742295,59.585598],[24.742443,59.585635],[24.742615,59.5857],[24.742708,59.58574],[24.742826,59.585782],[24.743071,59.585843],[24.7432,59.585871],[24.743451,59.585912],[24.743726,59.58594],[24.743879,59.585966],[24.744264,59.586026],[24.744583,59.586046],[24.744679,59.586046],[24.744845,59.586039],[24.744957,59.586039],[24.745061,59.586042],[24.745171,59.58604],[24.745351,59.586027],[24.745526,59.586007],[24.745745,59.585967],[24.745796,59.585949],[24.745866,59.585916],[24.745926,59.585877],[24.745981,59.585854],[24.746106,59.585783],[24.746181,59.585762],[24.74637,59.585738],[24.746695,59.585704],[24.746767,59.585698],[24.74688,59.585703],[24.747021,59.585724],[24.747319,59.585759],[24.747438,59.585772],[24.747549,59.58578],[24.747673,59.585794],[24.747753,59.585808],[24.74792,59.585826],[24.748002,59.585839],[24.748115,59.585849],[24.748521,59.585925],[24.748766,59.585963],[24.74925,59.586056],[24.749641,59.586137],[24.749972,59.586192],[24.750358,59.586272],[24.751115,59.586416],[24.751317,59.586468],[24.751537,59.586536],[24.751742,59.586611],[24.752182,59.586809],[24.752284,59.586844],[24.752394,59.586877],[24.752502,59.586878],[24.752566,59.586889],[24.752603,59.586903],[24.752632,59.586931],[24.752994,59.587091],[24.753674,59.587372],[24.754018,59.587548],[24.754144,59.587621],[24.754293,59.587693],[24.754364,59.587732],[24.75443,59.587777],[24.754505,59.587847],[24.754881,59.58814],[24.755443,59.588542],[24.755493,59.58859],[24.755529,59.588649],[24.755552,59.588724],[24.755538,59.58883],[24.755537,59.588882],[24.755549,59.588919],[24.755569,59.588937],[24.755595,59.588946],[24.755634,59.588941],[24.755673,59.58891],[24.755741,59.588879],[24.755782,59.588826],[24.755808,59.588763],[24.75586,59.588681],[24.755926,59.588599],[24.755998,59.58854],[24.75604,59.588525],[24.756238,59.588497],[24.756298,59.588474],[24.756368,59.588456],[24.756445,59.588452],[24.756617,59.588464],[24.756729,59.588464],[24.756806,59.588462],[24.756988,59.588431],[24.757114,59.588403],[24.757205,59.588392],[24.757402,59.58838],[24.758006,59.58838],[24.758308,59.588402],[24.758423,59.588404],[24.758566,59.588399],[24.758812,59.588423],[24.758927,59.588425],[24.758995,59.588418],[24.759086,59.588417],[24.759171,59.588421],[24.759236,59.588437],[24.75943,59.588519],[24.759515,59.588549],[24.759638,59.588575],[24.759757,59.588592],[24.759863,59.588612],[24.760148,59.588653],[24.760314,59.588665],[24.760584,59.588695],[24.760857,59.588753],[24.760949,59.588781],[24.761319,59.588874],[24.761537,59.588913],[24.761705,59.588957],[24.76191,59.589017],[24.762226,59.589117],[24.762441,59.589193],[24.762561,59.589242],[24.762862,59.589391],[24.763068,59.589487],[24.763141,59.58953],[24.763184,59.589567],[24.763216,59.589618],[24.76326,59.589723],[24.763257,59.589776],[24.763233,59.589851],[24.763136,59.589969],[24.763143,59.59001],[24.763172,59.590041],[24.763226,59.590081],[24.763268,59.590098],[24.763361,59.590117],[24.763471,59.590121],[24.763583,59.59011],[24.763683,59.590082],[24.763753,59.590049],[24.763808,59.590001],[24.763859,59.589895],[24.763882,59.589859],[24.763863,59.589821],[24.763849,59.589706],[24.763866,59.589647],[24.763904,59.589573],[24.763935,59.589534],[24.763972,59.589506],[24.764144,59.589432],[24.764268,59.58937],[24.764296,59.58935],[24.76432,59.589271],[24.764389,59.589181],[24.764433,59.589095],[24.764494,59.588994],[24.764596,59.588914],[24.76475,59.588772],[24.764813,59.588739],[24.764902,59.588704],[24.765046,59.588655],[24.765213,59.588616],[24.76536,59.588593],[24.765619,59.588541],[24.765741,59.588524],[24.76583,59.588515],[24.766302,59.588424],[24.766463,59.588385],[24.766526,59.588367],[24.766607,59.588326],[24.766689,59.588302],[24.766879,59.588265],[24.766965,59.588254],[24.767044,59.588248],[24.767079,59.588243],[24.76713,59.58823],[24.767165,59.588213],[24.767229,59.588163],[24.767243,59.58814],[24.767258,59.588098],[24.767306,59.58806],[24.767318,59.588035],[24.767318,59.588004],[24.767347,59.5879],[24.767376,59.587873],[24.767497,59.587838],[24.76752,59.587805],[24.767508,59.587787],[24.767488,59.587768],[24.767442,59.587748],[24.767384,59.58773],[24.76734,59.587706],[24.767295,59.587674],[24.767253,59.587619],[24.767237,59.587578],[24.767228,59.587509],[24.767196,59.587449],[24.767202,59.587413],[24.767221,59.587383],[24.767251,59.587349],[24.767291,59.587329],[24.767319,59.587298],[24.767319,59.587271],[24.767284,59.587229],[24.767253,59.587213],[24.767233,59.587196],[24.767218,59.587155],[24.767219,59.587136],[24.76723,59.587102],[24.767255,59.587075],[24.767389,59.586997],[24.767483,59.586931],[24.767588,59.58687],[24.767714,59.586817],[24.767952,59.586728],[24.768332,59.586623],[24.768545,59.58656],[24.768738,59.586513],[24.768889,59.586492],[24.768973,59.586486],[24.769005,59.586487],[24.769051,59.586504],[24.769111,59.58651],[24.769228,59.586486],[24.769258,59.586486],[24.769299,59.586468],[24.769346,59.586423],[24.769373,59.586372],[24.76938,59.586342],[24.769466,59.586277],[24.769513,59.586235],[24.769547,59.586186],[24.769571,59.586163],[24.769599,59.586144],[24.769664,59.586131],[24.76998,59.586099],[24.77017,59.586063],[24.77025,59.586039],[24.770453,59.586006],[24.770564,59.586003],[24.770659,59.586005],[24.770693,59.586012],[24.770722,59.586029],[24.770737,59.586044],[24.770782,59.586049],[24.770937,59.586031],[24.770977,59.586022],[24.771071,59.585968],[24.77113,59.585952],[24.771184,59.585943],[24.771335,59.585952],[24.771404,59.58594],[24.771495,59.585906],[24.77153,59.585882],[24.771566,59.585836],[24.77156,59.585809],[24.77153,59.585782],[24.771511,59.585734],[24.771508,59.585697],[24.771524,59.58564],[24.771539,59.585613],[24.771511,59.585483],[24.77148,59.585445],[24.771429,59.585398],[24.771394,59.585359],[24.771359,59.585314],[24.771353,59.585284],[24.771354,59.585237],[24.771361,59.585209],[24.771391,59.585143],[24.77141,59.585083],[24.771415,59.585044],[24.771432,59.585024],[24.771454,59.58501],[24.771513,59.584984],[24.771576,59.584965],[24.771688,59.584917],[24.771858,59.584828],[24.77188,59.584806],[24.771911,59.584763],[24.771935,59.584742],[24.772035,59.584705],[24.772079,59.584683],[24.772172,59.584621],[24.772214,59.584602],[24.772311,59.584573],[24.77245,59.584486],[24.772483,59.584472],[24.772599,59.584405],[24.772704,59.584317],[24.772802,59.584257],[24.772889,59.584214],[24.772975,59.584178],[24.773062,59.584159],[24.7732,59.584137],[24.773693,59.584043],[24.773812,59.584023],[24.774018,59.584004],[24.774272,59.583987],[24.774368,59.583986],[24.774555,59.583992],[24.774814,59.584008],[24.775039,59.584013],[24.775468,59.584037],[24.775731,59.584054],[24.775891,59.584068],[24.776063,59.584089],[24.776231,59.584115],[24.776353,59.584138],[24.776554,59.584195],[24.776852,59.584257],[24.776986,59.584296],[24.777022,59.584314],[24.777071,59.584349],[24.77711,59.584402],[24.777125,59.58454],[24.777203,59.584758],[24.777217,59.58482],[24.777251,59.584903],[24.777272,59.584931],[24.777308,59.584965],[24.777369,59.585012],[24.77743,59.585049],[24.777457,59.585083],[24.77748,59.585099],[24.777503,59.585106],[24.777542,59.5851],[24.777578,59.585104],[24.777696,59.585142],[24.777759,59.585157],[24.777826,59.58517],[24.777879,59.585165],[24.777951,59.58514],[24.778009,59.585138],[24.778235,59.585173],[24.778433,59.585229],[24.778871,59.585376],[24.779102,59.585487],[24.779562,59.585695],[24.779697,59.58579],[24.779793,59.585871],[24.779849,59.585977],[24.779861,59.586018],[24.779894,59.586059],[24.77994,59.58609],[24.779961,59.58611],[24.779985,59.586155],[24.779993,59.586187],[24.780041,59.586247],[24.780045,59.586273],[24.780085,59.586357],[24.780103,59.586429],[24.78012,59.58646],[24.78023,59.586522],[24.780253,59.586552],[24.780291,59.586631],[24.780314,59.586668],[24.780324,59.586702],[24.780326,59.58676],[24.78032,59.58682],[24.780344,59.586865],[24.780339,59.586889],[24.780345,59.586915],[24.780366,59.586926],[24.780411,59.586942],[24.780451,59.586967],[24.78047,59.586998],[24.780492,59.58705],[24.780493,59.587078],[24.780482,59.587097],[24.78051,59.587256],[24.780502,59.587336],[24.780512,59.587355],[24.780541,59.587374],[24.780552,59.587393],[24.780558,59.587463],[24.780529,59.587577],[24.7805,59.587629],[24.780452,59.58766],[24.7804,59.587686],[24.780342,59.587705],[24.780299,59.587727],[24.78027,59.587747],[24.78024,59.587777],[24.780236,59.587804],[24.780312,59.587868],[24.78032,59.587897],[24.780317,59.587928],[24.780272,59.588035],[24.780242,59.588151],[24.780199,59.588221],[24.780168,59.588335],[24.780153,59.588443],[24.780208,59.588529],[24.780249,59.588632],[24.780261,59.588675],[24.780267,59.588734],[24.780264,59.588766],[24.780239,59.588828],[24.780206,59.588882],[24.780163,59.588975],[24.780114,59.589051],[24.780038,59.589243],[24.780031,59.589332],[24.780011,59.589452],[24.779994,59.589505],[24.779976,59.589543],[24.77989,59.58961],[24.779866,59.589636],[24.779861,59.589659],[24.779866,59.589674],[24.779883,59.589698],[24.779952,59.589753],[24.779969,59.589784],[24.779981,59.589925],[24.779971,59.589979],[24.779931,59.590046],[24.779902,59.590112],[24.779907,59.590195],[24.779893,59.590228],[24.77987,59.590252],[24.779852,59.590256],[24.779832,59.590269],[24.779828,59.59029],[24.779856,59.590335],[24.77986,59.590367],[24.779844,59.590404],[24.779758,59.590502],[24.779699,59.590535],[24.779614,59.590573],[24.779438,59.590632],[24.779275,59.590655],[24.779164,59.590692],[24.77912,59.5907],[24.779073,59.590702],[24.779013,59.590711],[24.778908,59.590745],[24.778765,59.590808],[24.7787,59.590851],[24.778642,59.590948],[24.778634,59.59101],[24.778649,59.591034],[24.778654,59.591065],[24.778632,59.591137],[24.778599,59.591185],[24.77859,59.591206],[24.778587,59.591234],[24.778601,59.591274],[24.77861,59.591335],[24.778646,59.591363],[24.778694,59.591383],[24.778773,59.591408],[24.778885,59.591464],[24.778949,59.591483],[24.779067,59.591484],[24.779172,59.59148]]],[[[24.81037,59.456996],[24.814997,59.456801],[24.816398,59.456751],[24.816035,59.45452],[24.815601,59.453701],[24.81331,59.4523],[24.81301,59.451771],[24.813039,59.451385],[24.813158,59.450718],[24.813347,59.450273],[24.812879,59.446955],[24.812447,59.446159],[24.811846,59.44557],[24.813767,59.44515],[24.814581,59.445104],[24.814534,59.444893],[24.814306,59.444826],[24.813979,59.444709],[24.813646,59.44457],[24.813305,59.444377],[24.81298,59.444174],[24.812799,59.444042],[24.812481,59.443537],[24.812188,59.443128],[24.80906,59.441489],[24.80789,59.440878],[24.806927,59.440409],[24.803975,59.439066],[24.799925,59.437218],[24.79994,59.437204],[24.798763,59.43664],[24.798555,59.436551],[24.798273,59.435391],[24.797215,59.435401],[24.796722,59.435393],[24.796231,59.435367],[24.795044,59.435283],[24.794278,59.435179],[24.793832,59.43511],[24.793813,59.434504],[24.793009,59.43418],[24.792418,59.43409],[24.792058,59.434028],[24.791865,59.433981],[24.79168,59.433931],[24.791477,59.43387],[24.790293,59.433419],[24.788283,59.432259],[24.78669,59.431313],[24.785569,59.430647],[24.785246,59.430492],[24.784898,59.430304],[24.78464,59.430186],[24.784156,59.429875],[24.783518,59.429411],[24.782994,59.428991],[24.782016,59.428175],[24.78093,59.427395],[24.780304,59.427137],[24.779986,59.427115],[24.779279,59.427153],[24.779495,59.426961],[24.780326,59.426538],[24.780895,59.426255],[24.78163,59.425953],[24.781763,59.426019],[24.784382,59.424958],[24.78513,59.424654],[24.786683,59.424523],[24.786999,59.42448],[24.787178,59.423881],[24.786976,59.423603],[24.786958,59.423531],[24.787484,59.423154],[24.78861,59.422344],[24.788964,59.422047],[24.789858,59.421486],[24.790701,59.420961],[24.791364,59.420676],[24.792086,59.420331],[24.79246,59.420145],[24.792293,59.419763],[24.795776,59.417256],[24.798939,59.414555],[24.80151,59.412332],[24.801688,59.412381],[24.802513,59.412291],[24.803968,59.412256],[24.808315,59.412072],[24.811066,59.412076],[24.813817,59.412092],[24.814393,59.411686],[24.814928,59.411528],[24.815359,59.411365],[24.815693,59.411223],[24.819052,59.409516],[24.818347,59.409115],[24.817653,59.409397],[24.814658,59.407853],[24.816071,59.407133],[24.815869,59.406803],[24.814983,59.404927],[24.813623,59.402337],[24.81291,59.402488],[24.812785,59.402439],[24.810941,59.403907],[24.809901,59.404776],[24.809461,59.404351],[24.807983,59.405541],[24.806685,59.406645],[24.807076,59.407101],[24.806209,59.407778],[24.801889,59.407637],[24.799062,59.407585],[24.796051,59.407558],[24.795747,59.407554],[24.795291,59.407195],[24.794659,59.406675],[24.79401,59.406003],[24.793387,59.40523],[24.792967,59.404751],[24.79233,59.4042],[24.791429,59.403482],[24.790556,59.402986],[24.790207,59.402782],[24.789979,59.402614],[24.789832,59.402483],[24.789725,59.402349],[24.789629,59.402172],[24.789613,59.402025],[24.789655,59.401725],[24.789865,59.401151],[24.789948,59.400945],[24.790064,59.40073],[24.790222,59.400503],[24.790355,59.400347],[24.791099,59.399654],[24.791891,59.398937],[24.792179,59.398591],[24.792502,59.398181],[24.792555,59.398067],[24.792595,59.39795],[24.792615,59.397861],[24.79263,59.397745],[24.79264,59.397517],[24.792638,59.397312],[24.792602,59.396758],[24.792552,59.396116],[24.792528,59.39597],[24.792495,59.395858],[24.79243,59.395673],[24.792396,59.395548],[24.792366,59.395406],[24.792372,59.395239],[24.79242,59.39512],[24.792516,59.395001],[24.792582,59.394935],[24.792735,59.394812],[24.793058,59.394588],[24.793441,59.394341],[24.793839,59.394108],[24.794322,59.39385],[24.795746,59.393149],[24.795756,59.393074],[24.793627,59.392055],[24.791569,59.391063],[24.792008,59.39071],[24.791299,59.390542],[24.791086,59.389545],[24.790584,59.388683],[24.789222,59.386724],[24.788036,59.385437],[24.786967,59.38453],[24.787744,59.38274],[24.784126,59.381014],[24.781536,59.379831],[24.781303,59.378109],[24.781105,59.376715],[24.771691,59.374118],[24.769898,59.375285],[24.76917,59.376365],[24.765426,59.376056],[24.762007,59.375759],[24.760541,59.374926],[24.748805,59.376405],[24.748179,59.376731],[24.747544,59.377471],[24.742063,59.382655],[24.739909,59.384723],[24.73859,59.385597],[24.735309,59.388599],[24.733363,59.390418],[24.733257,59.390594],[24.732122,59.39253],[24.731218,59.393803],[24.73018,59.394013],[24.728788,59.394301],[24.7279,59.39318],[24.727402,59.392562],[24.726984,59.392849],[24.725486,59.393783],[24.725347,59.394147],[24.728764,59.400967],[24.729203,59.401519],[24.729571,59.402175],[24.730094,59.402837],[24.730151,59.402903],[24.729323,59.402803],[24.727738,59.402594],[24.726519,59.402434],[24.726966,59.402945],[24.727101,59.403082],[24.7278,59.403788],[24.728934,59.404934],[24.730315,59.406453],[24.730203,59.406482],[24.730558,59.406878],[24.730665,59.406989],[24.73079,59.40708],[24.730709,59.407111],[24.73117,59.407665],[24.731251,59.407647],[24.731431,59.407863],[24.731538,59.40784],[24.732073,59.408456],[24.733,59.40951],[24.732814,59.409552],[24.733181,59.409985],[24.733414,59.410297],[24.733653,59.410663],[24.733889,59.411072],[24.733949,59.411171],[24.734014,59.411296],[24.734167,59.411482],[24.734214,59.41156],[24.734261,59.412177],[24.734282,59.412529],[24.734256,59.413152],[24.734191,59.413467],[24.733988,59.414109],[24.733656,59.414829],[24.732029,59.418336],[24.730837,59.420925],[24.729827,59.422778],[24.729674,59.42305],[24.728869,59.424213],[24.728678,59.424444],[24.728586,59.425028],[24.72729,59.426398],[24.726431,59.427369],[24.725963,59.427923],[24.725332,59.428676],[24.724907,59.429246],[24.724039,59.430411],[24.723433,59.431549],[24.723345,59.431977],[24.723293,59.432479],[24.723334,59.432807],[24.723408,59.433174],[24.723625,59.434033],[24.723704,59.43432],[24.724875,59.434577],[24.725556,59.434677],[24.726306,59.434783],[24.726646,59.43481],[24.727746,59.434888],[24.728147,59.43492],[24.729785,59.435094],[24.730121,59.435099],[24.730646,59.435093],[24.73148,59.435043],[24.732583,59.434983],[24.73267,59.435043],[24.732338,59.436125],[24.73247,59.436228],[24.732489,59.436486],[24.732791,59.436594],[24.732927,59.436737],[24.733382,59.437249],[24.734087,59.438077],[24.734123,59.438124],[24.73424,59.438203],[24.734455,59.438361],[24.734733,59.438552],[24.735145,59.43876],[24.735588,59.438961],[24.735914,59.439102],[24.73605,59.439194],[24.736167,59.439262],[24.736778,59.439449],[24.737059,59.439562],[24.738545,59.440033],[24.738783,59.440094],[24.739141,59.44026],[24.739435,59.440355],[24.741048,59.440967],[24.741291,59.441063],[24.741327,59.44108],[24.741362,59.441116],[24.742131,59.441409],[24.743135,59.441801],[24.743811,59.442101],[24.744174,59.442272],[24.744236,59.442298],[24.744476,59.442414],[24.745224,59.44358],[24.745519,59.443769],[24.74585,59.443859],[24.746081,59.443921],[24.746354,59.443991],[24.746805,59.44414],[24.748593,59.443946],[24.749665,59.443859],[24.753154,59.443529],[24.753012,59.443944],[24.75314,59.444028],[24.753179,59.44411],[24.753138,59.444404],[24.753255,59.4446],[24.754335,59.444639],[24.754151,59.445964],[24.755247,59.446004],[24.755168,59.446503],[24.75502,59.447362],[24.753919,59.447329],[24.753781,59.448318],[24.753779,59.448481],[24.753779,59.448481],[24.754113,59.448493],[24.754206,59.447834],[24.754407,59.447814],[24.754501,59.447808],[24.754596,59.447806],[24.754701,59.447811],[24.754824,59.447827],[24.754883,59.447843],[24.755028,59.447875],[24.755192,59.447919],[24.75527,59.447949],[24.755424,59.448023],[24.755582,59.448063],[24.755692,59.448098],[24.75585,59.448164],[24.755952,59.4482],[24.756099,59.448267],[24.756171,59.448306],[24.756204,59.448336],[24.756219,59.448367],[24.756229,59.448444],[24.756189,59.448676],[24.756149,59.448786],[24.756154,59.448856],[24.756161,59.448875],[24.756186,59.448897],[24.756223,59.448921],[24.756251,59.448947],[24.756257,59.448976],[24.756255,59.449],[24.756232,59.449019],[24.756202,59.449023],[24.756167,59.449031],[24.756159,59.44905],[24.756188,59.449086],[24.756216,59.449104],[24.75627,59.449123],[24.756401,59.449133],[24.756587,59.44918],[24.756713,59.449201],[24.757312,59.449337],[24.757708,59.449429],[24.757866,59.449471],[24.758172,59.449559],[24.758269,59.449577],[24.758387,59.449578],[24.758543,59.449574],[24.758981,59.449535],[24.759206,59.449479],[24.759355,59.449434],[24.759496,59.449382],[24.759629,59.449323],[24.759786,59.449266],[24.759829,59.449239],[24.759858,59.449213],[24.759898,59.449155],[24.75997,59.449076],[24.760021,59.448976],[24.760041,59.448864],[24.760035,59.448761],[24.76004,59.448691],[24.760056,59.448659],[24.760066,59.448618],[24.760121,59.448495],[24.760172,59.448395],[24.760192,59.448329],[24.760212,59.448191],[24.760204,59.448164],[24.760191,59.448114],[24.760203,59.448072],[24.760257,59.447991],[24.760392,59.44788],[24.760508,59.447683],[24.76057,59.447596],[24.76058,59.447582],[24.7606,59.447575],[24.760663,59.447563],[24.760722,59.447551],[24.760757,59.447537],[24.760774,59.44752],[24.760777,59.447501],[24.760765,59.44747],[24.760724,59.447449],[24.760595,59.447384],[24.760709,59.447297],[24.760809,59.447285],[24.760911,59.447291],[24.761023,59.447283],[24.761117,59.447286],[24.761212,59.447294],[24.761344,59.447323],[24.761427,59.447353],[24.761537,59.447399],[24.761573,59.44742],[24.761613,59.447432],[24.761725,59.447456],[24.761858,59.447491],[24.762111,59.447578],[24.762358,59.447661],[24.762451,59.447687],[24.762461,59.447693],[24.762492,59.447711],[24.76256,59.447738],[24.7629,59.447828],[24.763091,59.447891],[24.763181,59.447929],[24.763346,59.44797],[24.763429,59.448001],[24.763549,59.448038],[24.763671,59.448098],[24.763802,59.448119],[24.763951,59.448156],[24.764163,59.448226],[24.764404,59.448331],[24.764535,59.44838],[24.764649,59.448416],[24.764811,59.448478],[24.764979,59.448535],[24.76548,59.448685],[24.765674,59.448748],[24.765889,59.448813],[24.766061,59.44885],[24.766346,59.448921],[24.766449,59.448942],[24.766787,59.449017],[24.766961,59.44905],[24.76715,59.449092],[24.76732,59.449125],[24.767742,59.449195],[24.767809,59.449209],[24.767906,59.449223],[24.768542,59.449302],[24.76868,59.449327],[24.768831,59.449348],[24.768969,59.449384],[24.769011,59.44939],[24.769067,59.449395],[24.769145,59.449396],[24.769369,59.449433],[24.769631,59.449464],[24.769831,59.449492],[24.770193,59.449553],[24.770314,59.449581],[24.770391,59.449602],[24.770479,59.449618],[24.77061,59.449654],[24.770737,59.449664],[24.770798,59.449673],[24.770849,59.449686],[24.770945,59.449721],[24.77105,59.449753],[24.7711,59.449761],[24.771162,59.449764],[24.771401,59.449789],[24.77175,59.449794],[24.772017,59.44979],[24.772489,59.44981],[24.772563,59.449809],[24.772624,59.449801],[24.772714,59.449793],[24.772772,59.449791],[24.772979,59.4498],[24.77312,59.449796],[24.773402,59.449795],[24.773562,59.449784],[24.7737,59.449779],[24.773897,59.449775],[24.77405,59.449779],[24.774284,59.449773],[24.774385,59.44976],[24.774551,59.449756],[24.774594,59.449754],[24.774667,59.449752],[24.774725,59.449742],[24.774877,59.449696],[24.775121,59.449612],[24.77529,59.449544],[24.775334,59.449512],[24.775396,59.449438],[24.775413,59.449395],[24.77545,59.449362],[24.775472,59.449336],[24.775641,59.449138],[24.775631,59.449129],[24.775125,59.448988],[24.773102,59.449192],[24.77195,59.449304],[24.771102,59.448965],[24.771416,59.448763],[24.770995,59.448595],[24.770701,59.448776],[24.77083,59.448828],[24.770802,59.448845],[24.76983,59.448456],[24.76751,59.447536],[24.766749,59.447229],[24.766405,59.44709],[24.762577,59.445565],[24.762369,59.445478],[24.762391,59.445463],[24.762402,59.445468],[24.762703,59.44527],[24.762537,59.445204],[24.762555,59.445191],[24.762681,59.445011],[24.762879,59.444738],[24.767078,59.445529],[24.767095,59.445525],[24.767101,59.445518],[24.767155,59.445529],[24.767189,59.445526],[24.767199,59.44552],[24.767328,59.445341],[24.766603,59.444942],[24.766617,59.444934],[24.766605,59.444918],[24.766591,59.44491],[24.763655,59.444372],[24.763833,59.444129],[24.76383,59.444124],[24.763268,59.444018],[24.763416,59.443806],[24.763161,59.443755],[24.762814,59.443669],[24.761823,59.44348],[24.761606,59.443439],[24.758897,59.442928],[24.757952,59.44275],[24.758051,59.442612],[24.757957,59.44251],[24.757818,59.442484],[24.757675,59.442457],[24.758478,59.441326],[24.76076,59.44198],[24.76039,59.442435],[24.760139,59.442804],[24.760143,59.44281],[24.761016,59.442996],[24.761807,59.443143],[24.762039,59.443187],[24.762549,59.443282],[24.762606,59.443284],[24.762608,59.443278],[24.762843,59.443308],[24.763694,59.443416],[24.765709,59.443787],[24.767429,59.444104],[24.767645,59.444173],[24.768083,59.444312],[24.771064,59.445913],[24.771081,59.445915],[24.771453,59.44584],[24.771488,59.445829],[24.771503,59.445809],[24.771491,59.445789],[24.771438,59.445729],[24.76977,59.444001],[24.769775,59.443995],[24.770539,59.443805],[24.770864,59.443694],[24.770906,59.443725],[24.771315,59.443576],[24.773727,59.445392],[24.773755,59.445407],[24.773808,59.445425],[24.773822,59.445432],[24.774192,59.44525],[24.776141,59.446276],[24.776166,59.446276],[24.776424,59.446149],[24.776415,59.446143],[24.776436,59.446133],[24.77651,59.446094],[24.776582,59.446103],[24.776629,59.446106],[24.776689,59.4461],[24.776727,59.446098],[24.776819,59.446103],[24.776977,59.446127],[24.777096,59.446139],[24.777204,59.446143],[24.777311,59.446134],[24.777418,59.44611],[24.777514,59.446077],[24.777615,59.446037],[24.77776,59.445948],[24.777971,59.445847],[24.778163,59.445767],[24.778353,59.445742],[24.77848,59.445709],[24.778661,59.445631],[24.778898,59.445504],[24.778943,59.44548],[24.779094,59.445411],[24.779264,59.445348],[24.779623,59.445267],[24.779966,59.445184],[24.780145,59.445146],[24.780646,59.444992],[24.780798,59.444925],[24.780977,59.444857],[24.780982,59.444832],[24.781058,59.444823],[24.781121,59.444804],[24.781212,59.444766],[24.781271,59.444729],[24.781364,59.444693],[24.781406,59.444651],[24.781459,59.444584],[24.781474,59.444577],[24.781535,59.444559],[24.781552,59.44455],[24.781568,59.444546],[24.781579,59.44453],[24.781565,59.444521],[24.781541,59.44449],[24.781554,59.444441],[24.781615,59.44436],[24.781649,59.444296],[24.781685,59.444248],[24.781696,59.444222],[24.781705,59.444215],[24.781717,59.444191],[24.781761,59.444169],[24.781854,59.444137],[24.781946,59.4441],[24.781971,59.444085],[24.781973,59.444068],[24.781993,59.444059],[24.782013,59.444043],[24.782035,59.444044],[24.782095,59.444042],[24.782774,59.443969],[24.782929,59.443911],[24.783076,59.443862],[24.783123,59.443847],[24.784475,59.443714],[24.784635,59.44373],[24.784834,59.44376],[24.785125,59.443796],[24.785178,59.443799],[24.785282,59.443796],[24.785552,59.443768],[24.785826,59.443748],[24.785895,59.443758],[24.78599,59.443753],[24.786048,59.443747],[24.786053,59.443734],[24.786121,59.443723],[24.787036,59.443657],[24.788274,59.443561],[24.788304,59.443554],[24.788288,59.443507],[24.788462,59.443494],[24.788476,59.443541],[24.788516,59.443547],[24.788977,59.443509],[24.789676,59.443458],[24.789716,59.443459],[24.789786,59.443479],[24.789844,59.44348],[24.789891,59.443427],[24.789903,59.443409],[24.7899,59.443403],[24.790223,59.443374],[24.790273,59.443378],[24.790324,59.443388],[24.790641,59.443481],[24.790827,59.443542],[24.791882,59.443823],[24.792064,59.443866],[24.792252,59.443919],[24.792654,59.444018],[24.792995,59.44412],[24.793184,59.444179],[24.79336,59.444234],[24.793817,59.444388],[24.794626,59.444687],[24.794835,59.444748],[24.795006,59.444804],[24.795418,59.444954],[24.795568,59.445018],[24.795769,59.445092],[24.795935,59.445152],[24.796048,59.445191],[24.796302,59.445289],[24.796489,59.445374],[24.796553,59.445398],[24.796606,59.445418],[24.796739,59.44546],[24.796807,59.445474],[24.796919,59.445507],[24.797122,59.445558],[24.797242,59.445594],[24.797511,59.445695],[24.79759,59.44573],[24.797681,59.445787],[24.797768,59.445825],[24.79793,59.445889],[24.798157,59.446005],[24.798807,59.446307],[24.798994,59.446408],[24.799117,59.446479],[24.799187,59.446513],[24.799266,59.446542],[24.799341,59.446557],[24.799512,59.446669],[24.799699,59.446743],[24.800332,59.447068],[24.801348,59.447661],[24.801813,59.447961],[24.802245,59.448273],[24.802719,59.448576],[24.802951,59.448751],[24.803138,59.448861],[24.803185,59.448894],[24.803273,59.448969],[24.803432,59.449084],[24.803572,59.449169],[24.803588,59.449195],[24.803714,59.449278],[24.803753,59.44932],[24.804004,59.449509],[24.804235,59.449653],[24.804504,59.449846],[24.804729,59.449987],[24.804815,59.450045],[24.804919,59.450108],[24.804991,59.450145],[24.805085,59.450208],[24.805108,59.450234],[24.805202,59.45031],[24.805519,59.450623],[24.80577,59.450895],[24.805799,59.450918],[24.805828,59.450925],[24.805909,59.45096],[24.805944,59.450997],[24.806034,59.451128],[24.806078,59.451208],[24.806173,59.451363],[24.806334,59.451574],[24.806808,59.452252],[24.806917,59.452451],[24.807052,59.452629],[24.807588,59.453512],[24.807634,59.453571],[24.808166,59.454406],[24.80836,59.454663],[24.808927,59.455315],[24.809065,59.4555],[24.809298,59.45577],[24.809511,59.456004],[24.809611,59.456129],[24.81004,59.45664],[24.81033,59.45695],[24.81037,59.456996]]]]}},{"type":"Feature","id":"haabersti","properties":{"id":"haabersti","name":"Haabersti linnaosa","ehak":"0176","observed_on":"2026-09-02"},"geometry":{"type":"MultiPolygon","coordinates":[[[[24.679663,59.436713],[24.682669,59.435705],[24.685373,59.432941],[24.68651,59.431866],[24.687141,59.431164],[24.687934,59.430331],[24.688135,59.430285],[24.688464,59.429948],[24.690068,59.429995],[24.690149,59.429994],[24.691102,59.430001],[24.691352,59.429996],[24.6931,59.429959],[24.693115,59.429891],[24.695864,59.429727],[24.696563,59.429688],[24.696725,59.429684],[24.697222,59.429655],[24.699838,59.429465],[24.699117,59.428141],[24.698862,59.427634],[24.698752,59.427465],[24.698437,59.427121],[24.697198,59.427417],[24.696147,59.427555],[24.694505,59.425766],[24.693972,59.425762],[24.693097,59.425746],[24.692743,59.425733],[24.692375,59.425726],[24.692026,59.425725],[24.690086,59.425689],[24.689319,59.425552],[24.689302,59.425512],[24.689077,59.425263],[24.688891,59.425149],[24.68849,59.425064],[24.688252,59.424828],[24.68798,59.42455],[24.687657,59.424183],[24.687076,59.423713],[24.686243,59.424003],[24.685212,59.42435],[24.683958,59.423046],[24.679902,59.424433],[24.676184,59.421234],[24.674976,59.420205],[24.673926,59.419309],[24.673696,59.418964],[24.672823,59.418219],[24.672782,59.418184],[24.671319,59.417229],[24.669993,59.416368],[24.669261,59.41608],[24.668069,59.415553],[24.663021,59.41332],[24.662489,59.413132],[24.6616,59.412763],[24.66095,59.412469],[24.660283,59.412128],[24.655285,59.4099],[24.651443,59.408196],[24.649719,59.407454],[24.649361,59.407446],[24.648609,59.407121],[24.647252,59.406487],[24.646534,59.406072],[24.646068,59.40573],[24.645214,59.405061],[24.644296,59.404083],[24.644151,59.403852],[24.64401,59.403509],[24.643866,59.402919],[24.643822,59.402675],[24.643831,59.402226],[24.643932,59.40178],[24.644122,59.401342],[24.644696,59.400174],[24.64483,59.399864],[24.644845,59.399433],[24.644691,59.398724],[24.644459,59.398341],[24.643937,59.397557],[24.643225,59.396908],[24.64244,59.396319],[24.641666,59.395944],[24.640739,59.395615],[24.640231,59.39543],[24.639892,59.395326],[24.6392,59.395191],[24.638856,59.39512],[24.63632,59.394642],[24.630281,59.393524],[24.628659,59.392961],[24.627595,59.39247],[24.626687,59.391863],[24.625994,59.391169],[24.625531,59.390526],[24.625133,59.389887],[24.62213,59.390589],[24.620078,59.388531],[24.598183,59.394178],[24.598237,59.394198],[24.596895,59.394514],[24.594322,59.395177],[24.594715,59.395391],[24.594229,59.395566],[24.59411,59.395599],[24.595843,59.396385],[24.59614,59.396516],[24.597392,59.397016],[24.597648,59.396964],[24.598419,59.397277],[24.600534,59.398083],[24.604786,59.399628],[24.607326,59.40082],[24.608457,59.401518],[24.609351,59.402248],[24.610039,59.40281],[24.610295,59.402995],[24.610616,59.403171],[24.611631,59.403682],[24.612279,59.404011],[24.615636,59.405751],[24.617558,59.406709],[24.619219,59.407237],[24.61884,59.407432],[24.618169,59.407779],[24.617342,59.408354],[24.617045,59.408548],[24.616868,59.408638],[24.616582,59.40874],[24.616056,59.408863],[24.615436,59.409022],[24.614601,59.409261],[24.613512,59.409585],[24.612217,59.410044],[24.610904,59.41054],[24.610441,59.410769],[24.610042,59.410996],[24.609777,59.411194],[24.609564,59.411391],[24.609304,59.411702],[24.609022,59.412082],[24.608329,59.412441],[24.608227,59.412534],[24.608048,59.412567],[24.607629,59.412565],[24.607602,59.412589],[24.606762,59.413528],[24.606261,59.414088],[24.605534,59.414898],[24.604494,59.416949],[24.60488,59.419647],[24.605829,59.421421],[24.606906,59.423117],[24.607737,59.425197],[24.610579,59.42542],[24.610765,59.425902],[24.610779,59.426019],[24.610756,59.426126],[24.610709,59.426198],[24.610623,59.426296],[24.610455,59.426506],[24.610362,59.426605],[24.610307,59.426646],[24.61021,59.426678],[24.610106,59.426734],[24.610031,59.4268],[24.610004,59.426916],[24.609979,59.426971],[24.609944,59.427086],[24.609831,59.427245],[24.609819,59.427329],[24.609788,59.427388],[24.609722,59.427438],[24.609645,59.427442],[24.609578,59.427413],[24.609511,59.427418],[24.609495,59.427459],[24.60944,59.427503],[24.609406,59.42755],[24.609403,59.427572],[24.609387,59.427605],[24.609373,59.427623],[24.609333,59.427654],[24.609292,59.427689],[24.609263,59.427712],[24.60923,59.427733],[24.609208,59.427747],[24.609153,59.427775],[24.609061,59.427824],[24.608996,59.427862],[24.608954,59.427895],[24.608927,59.427911],[24.608886,59.427918],[24.608853,59.427923],[24.608801,59.427926],[24.608763,59.427926],[24.608735,59.427931],[24.608716,59.427944],[24.608663,59.427973],[24.608613,59.428002],[24.608575,59.428034],[24.608542,59.428077],[24.60849,59.428138],[24.608461,59.428172],[24.60839,59.428228],[24.60837,59.428243],[24.608362,59.428248],[24.608299,59.428354],[24.608266,59.428382],[24.608234,59.428402],[24.608196,59.428411],[24.608144,59.428416],[24.608084,59.428422],[24.60803,59.428435],[24.607995,59.428447],[24.607964,59.428462],[24.60792,59.428495],[24.607892,59.428522],[24.607877,59.428567],[24.607852,59.428605],[24.607846,59.428609],[24.607834,59.428617],[24.60778,59.428641],[24.607713,59.428662],[24.607634,59.428677],[24.607589,59.42868],[24.607545,59.428674],[24.607478,59.42866],[24.607409,59.42864],[24.607355,59.428632],[24.607315,59.42863],[24.607267,59.42864],[24.607213,59.428663],[24.607144,59.42871],[24.607107,59.428738],[24.607094,59.428755],[24.60709,59.42877],[24.607086,59.428783],[24.607098,59.428803],[24.607123,59.428823],[24.607152,59.428836],[24.607176,59.428852],[24.607193,59.428873],[24.607199,59.428897],[24.607207,59.42896],[24.607203,59.42898],[24.607188,59.429021],[24.607188,59.429021],[24.607163,59.429077],[24.607131,59.429101],[24.607106,59.42911],[24.607047,59.429115],[24.606988,59.429113],[24.606894,59.429104],[24.606829,59.429096],[24.606734,59.429089],[24.606693,59.429095],[24.606597,59.42913],[24.606468,59.429175],[24.606418,59.429191],[24.606312,59.429221],[24.60628,59.429241],[24.606266,59.42926],[24.606268,59.429286],[24.606272,59.429308],[24.606271,59.429326],[24.606259,59.42935],[24.606243,59.429382],[24.606232,59.429408],[24.606221,59.429441],[24.606223,59.429468],[24.606236,59.429489],[24.606259,59.429509],[24.606316,59.429534],[24.606348,59.429558],[24.606376,59.429588],[24.606386,59.429617],[24.606367,59.429661],[24.606359,59.429687],[24.606368,59.429717],[24.606392,59.429746],[24.606406,59.429769],[24.606407,59.429797],[24.606389,59.429815],[24.60636,59.429831],[24.606312,59.429851],[24.606258,59.429859],[24.606165,59.429859],[24.606113,59.429855],[24.606059,59.42984],[24.606001,59.429807],[24.605912,59.429788],[24.605813,59.429785],[24.605757,59.429788],[24.60569,59.429796],[24.605656,59.429806],[24.605628,59.429819],[24.605619,59.429833],[24.605615,59.429858],[24.605622,59.4299],[24.60563,59.429945],[24.605627,59.429982],[24.605618,59.430041],[24.605614,59.430088],[24.605607,59.430115],[24.605591,59.430139],[24.605574,59.430157],[24.605535,59.430181],[24.605441,59.430231],[24.605366,59.430268],[24.605313,59.430289],[24.605215,59.430326],[24.605166,59.430365],[24.605111,59.430417],[24.605078,59.430441],[24.60502,59.430454],[24.604989,59.430468],[24.604965,59.430499],[24.604966,59.430536],[24.604966,59.430601],[24.604966,59.430648],[24.604967,59.43069],[24.604954,59.430728],[24.604925,59.430774],[24.604898,59.430828],[24.604858,59.430855],[24.604812,59.430872],[24.604722,59.430894],[24.60462,59.430903],[24.604489,59.430907],[24.60439,59.430909],[24.604289,59.430894],[24.604224,59.430892],[24.604149,59.430908],[24.604003,59.430937],[24.603901,59.430974],[24.603818,59.431003],[24.603808,59.431017],[24.603816,59.431039],[24.603825,59.431052],[24.603807,59.431083],[24.603682,59.431304],[24.603259,59.431313],[24.598138,59.432019],[24.595503,59.432484],[24.590409,59.433718],[24.586075,59.43485],[24.581415,59.436058],[24.577656,59.436952],[24.577641,59.436921],[24.574895,59.43719],[24.574897,59.437222],[24.574035,59.437265],[24.57177,59.437163],[24.568715,59.436317],[24.568756,59.436282],[24.566568,59.435583],[24.56652,59.435615],[24.564954,59.434881],[24.562355,59.43273],[24.558808,59.434458],[24.555539,59.436071],[24.551769,59.437928],[24.551465,59.438077],[24.550666,59.438591],[24.550381,59.438756],[24.550406,59.438766],[24.550386,59.438826],[24.550389,59.438859],[24.550419,59.438881],[24.550537,59.438904],[24.550708,59.438905],[24.550758,59.438914],[24.550842,59.438936],[24.550888,59.438942],[24.551049,59.438947],[24.551162,59.438956],[24.551273,59.438956],[24.55133,59.43895],[24.551453,59.43893],[24.551507,59.438929],[24.551572,59.43894],[24.551898,59.439044],[24.551975,59.43906],[24.552036,59.439065],[24.552093,59.439079],[24.552096,59.43911],[24.552079,59.439155],[24.55209,59.439172],[24.552138,59.439192],[24.552177,59.439195],[24.552201,59.439203],[24.552226,59.439206],[24.552323,59.43919],[24.552375,59.439185],[24.552409,59.439185],[24.55248,59.439193],[24.552506,59.439186],[24.55256,59.439155],[24.552607,59.439147],[24.552658,59.439148],[24.5527,59.439157],[24.552748,59.439177],[24.552936,59.439263],[24.553178,59.439336],[24.55329,59.439361],[24.553399,59.439373],[24.553464,59.439374],[24.553571,59.439368],[24.553641,59.439363],[24.553693,59.439354],[24.553792,59.439328],[24.553817,59.439324],[24.553845,59.439326],[24.553948,59.439361],[24.553989,59.43937],[24.554043,59.439371],[24.554125,59.439345],[24.55416,59.439319],[24.554199,59.439263],[24.554254,59.439241],[24.554403,59.439197],[24.554504,59.439152],[24.554541,59.439148],[24.554576,59.439149],[24.554642,59.439173],[24.554753,59.439235],[24.554838,59.439265],[24.554912,59.439305],[24.55498,59.439355],[24.555013,59.439365],[24.555072,59.439376],[24.555107,59.439379],[24.555157,59.439373],[24.555178,59.439362],[24.555185,59.439343],[24.555173,59.439323],[24.555122,59.439297],[24.555124,59.439287],[24.555137,59.439277],[24.555198,59.439253],[24.555268,59.439243],[24.55531,59.439233],[24.555335,59.439234],[24.555349,59.439241],[24.555344,59.439281],[24.555369,59.439323],[24.555422,59.439379],[24.555438,59.439392],[24.555473,59.439408],[24.55553,59.439422],[24.555623,59.439478],[24.555729,59.439496],[24.555796,59.439495],[24.555889,59.439501],[24.555969,59.439516],[24.556033,59.439533],[24.55613,59.439548],[24.556294,59.439549],[24.556396,59.439585],[24.556522,59.4396],[24.556627,59.439666],[24.556661,59.439677],[24.556698,59.439681],[24.556749,59.439681],[24.556874,59.439675],[24.556896,59.439671],[24.556927,59.439645],[24.556929,59.439614],[24.556953,59.439565],[24.556984,59.439551],[24.557016,59.439553],[24.55703,59.439564],[24.557037,59.439636],[24.557047,59.439674],[24.557068,59.439715],[24.557074,59.439803],[24.557087,59.439832],[24.557109,59.439851],[24.557131,59.439861],[24.557221,59.439892],[24.557313,59.439918],[24.55752,59.439964],[24.55775,59.44],[24.557802,59.440003],[24.557875,59.439997],[24.557941,59.440005],[24.558053,59.440043],[24.558091,59.440061],[24.558101,59.440071],[24.558129,59.440127],[24.558243,59.440241],[24.558288,59.44027],[24.558371,59.440311],[24.558403,59.440341],[24.55842,59.440369],[24.558439,59.440376],[24.558464,59.440376],[24.558547,59.440355],[24.558618,59.44035],[24.55869,59.44036],[24.558793,59.440392],[24.558827,59.440407],[24.558882,59.440441],[24.558929,59.440482],[24.558977,59.440552],[24.559007,59.440574],[24.559054,59.440591],[24.559109,59.440599],[24.559182,59.440623],[24.55927,59.44066],[24.559318,59.440673],[24.559405,59.440689],[24.559592,59.440714],[24.559769,59.440728],[24.559797,59.440736],[24.559858,59.440765],[24.559919,59.440778],[24.560011,59.440787],[24.560071,59.440789],[24.560115,59.440799],[24.560143,59.440805],[24.560258,59.44085],[24.560381,59.440906],[24.560458,59.44093],[24.56068,59.440976],[24.560738,59.441004],[24.560844,59.441072],[24.560888,59.44108],[24.560946,59.441081],[24.561023,59.441074],[24.561069,59.441077],[24.561128,59.441091],[24.561206,59.441116],[24.561308,59.441134],[24.561358,59.441162],[24.561452,59.441194],[24.561493,59.441221],[24.561518,59.44125],[24.561538,59.441257],[24.561619,59.441269],[24.561661,59.441282],[24.561708,59.441333],[24.561768,59.441363],[24.561776,59.441387],[24.561798,59.441404],[24.561875,59.441422],[24.561941,59.441444],[24.562059,59.44149],[24.562205,59.441559],[24.562279,59.441588],[24.562344,59.4416],[24.562496,59.441606],[24.562532,59.441601],[24.562569,59.441585],[24.56262,59.441548],[24.562651,59.441515],[24.562679,59.441463],[24.562706,59.441446],[24.56274,59.441433],[24.562767,59.441414],[24.562777,59.441397],[24.562789,59.441347],[24.562779,59.441275],[24.562822,59.44119],[24.562817,59.441138],[24.56285,59.441116],[24.563067,59.441076],[24.563094,59.441075],[24.563124,59.441079],[24.563174,59.441104],[24.563209,59.441109],[24.563252,59.441112],[24.563351,59.441108],[24.563496,59.441112],[24.563533,59.441119],[24.563576,59.441144],[24.563675,59.441163],[24.563698,59.441162],[24.563721,59.441157],[24.563753,59.441142],[24.563794,59.441136],[24.563824,59.441138],[24.563848,59.441159],[24.563847,59.441186],[24.563855,59.44121],[24.563847,59.441227],[24.563823,59.44124],[24.563775,59.441243],[24.563673,59.441222],[24.563628,59.441221],[24.563599,59.441224],[24.563569,59.441236],[24.563546,59.441251],[24.563528,59.441272],[24.563526,59.44129],[24.563549,59.441334],[24.563594,59.441376],[24.563636,59.441392],[24.563684,59.441397],[24.563746,59.441394],[24.563824,59.44138],[24.563926,59.441361],[24.564058,59.441327],[24.56413,59.441298],[24.564203,59.441248],[24.564241,59.441234],[24.564265,59.441231],[24.564295,59.441229],[24.564323,59.441231],[24.56435,59.441244],[24.564373,59.441262],[24.564397,59.441268],[24.564427,59.441284],[24.564446,59.441307],[24.564446,59.441351],[24.564432,59.441363],[24.564339,59.441385],[24.564313,59.441396],[24.564281,59.441424],[24.564274,59.441446],[24.564281,59.44147],[24.564311,59.441494],[24.564346,59.441513],[24.564413,59.441528],[24.564443,59.44155],[24.564455,59.441575],[24.564443,59.441586],[24.564396,59.44159],[24.564335,59.441579],[24.564261,59.441556],[24.564227,59.441552],[24.564192,59.441553],[24.564156,59.441561],[24.564115,59.441578],[24.564061,59.441612],[24.564059,59.441629],[24.564099,59.441732],[24.564115,59.441752],[24.564155,59.441767],[24.564192,59.441775],[24.564267,59.441776],[24.564503,59.441794],[24.564563,59.441791],[24.564618,59.441775],[24.56469,59.44172],[24.564719,59.441716],[24.564963,59.441705],[24.565091,59.441695],[24.565135,59.441697],[24.565172,59.441711],[24.565211,59.44174],[24.565243,59.441772],[24.56525,59.441792],[24.565248,59.44181],[24.565224,59.441819],[24.565138,59.441832],[24.565116,59.441846],[24.565082,59.441899],[24.56499,59.441978],[24.564972,59.442037],[24.564977,59.442047],[24.565006,59.442067],[24.56502,59.442085],[24.565025,59.442106],[24.565062,59.442137],[24.565092,59.44215],[24.565116,59.442168],[24.565119,59.442187],[24.5651,59.442209],[24.565052,59.442228],[24.565025,59.442248],[24.56501,59.44227],[24.565026,59.442301],[24.565053,59.442329],[24.565073,59.442369],[24.5651,59.4424],[24.565131,59.44242],[24.565174,59.442465],[24.565205,59.442484],[24.565247,59.4425],[24.565284,59.442521],[24.565351,59.442574],[24.56544,59.442617],[24.565524,59.442643],[24.56558,59.442687],[24.565596,59.442728],[24.565617,59.442744],[24.565664,59.442757],[24.565715,59.442781],[24.565734,59.442801],[24.565741,59.442816],[24.565724,59.442834],[24.565665,59.442848],[24.565492,59.442867],[24.56546,59.442884],[24.565462,59.442897],[24.565487,59.442911],[24.565722,59.442918],[24.565797,59.442928],[24.565846,59.442947],[24.565904,59.442957],[24.565988,59.44296],[24.566081,59.44297],[24.566188,59.442986],[24.566298,59.443012],[24.566343,59.443044],[24.566345,59.443117],[24.566382,59.443163],[24.566426,59.443195],[24.566632,59.443255],[24.5667,59.44327],[24.566783,59.4433],[24.566822,59.443307],[24.566911,59.443305],[24.566924,59.443312],[24.566923,59.443319],[24.566885,59.443345],[24.566888,59.44336],[24.566918,59.443383],[24.566972,59.443403],[24.567,59.443404],[24.567041,59.443396],[24.567099,59.443392],[24.567196,59.443409],[24.567282,59.443418],[24.567349,59.44342],[24.567384,59.443418],[24.56742,59.443395],[24.567433,59.443391],[24.567472,59.443395],[24.567527,59.443504],[24.567576,59.44358],[24.567605,59.443606],[24.567649,59.443629],[24.567705,59.443648],[24.567747,59.443668],[24.567849,59.44376],[24.56786,59.443808],[24.567848,59.443834],[24.567773,59.443933],[24.567767,59.44397],[24.567784,59.443985],[24.567812,59.443991],[24.568004,59.443998],[24.568028,59.444007],[24.56804,59.44405],[24.568018,59.444105],[24.568025,59.444119],[24.568043,59.444128],[24.568076,59.444137],[24.568113,59.444137],[24.568146,59.444124],[24.568204,59.444091],[24.568268,59.444073],[24.568442,59.444059],[24.568557,59.444059],[24.568621,59.444063],[24.568641,59.444074],[24.568638,59.444087],[24.568444,59.444162],[24.568431,59.444184],[24.568433,59.44421],[24.568448,59.444232],[24.568487,59.444263],[24.568517,59.444297],[24.568528,59.44433],[24.568517,59.444383],[24.568551,59.444419],[24.568594,59.444429],[24.568652,59.444434],[24.56878,59.444432],[24.568976,59.444444],[24.569039,59.444459],[24.569072,59.44448],[24.569092,59.444511],[24.569089,59.444526],[24.569044,59.444567],[24.569033,59.444587],[24.569089,59.444654],[24.569088,59.44477],[24.569065,59.444908],[24.569073,59.444932],[24.569099,59.444948],[24.569124,59.444951],[24.569152,59.444948],[24.569178,59.444938],[24.569229,59.444906],[24.569236,59.444895],[24.569214,59.444834],[24.569223,59.444811],[24.56927,59.444795],[24.569409,59.444784],[24.569446,59.444786],[24.569473,59.444796],[24.569489,59.444816],[24.569513,59.444835],[24.569554,59.444856],[24.569586,59.444889],[24.569597,59.444929],[24.569653,59.44499],[24.569702,59.44509],[24.569751,59.445123],[24.56979,59.445132],[24.569863,59.445129],[24.569978,59.445104],[24.570059,59.445075],[24.570086,59.445073],[24.570134,59.445081],[24.570205,59.445103],[24.570262,59.445123],[24.570288,59.44514],[24.570291,59.445231],[24.57028,59.445256],[24.570249,59.445275],[24.57022,59.44528],[24.57017,59.445275],[24.570151,59.445258],[24.570124,59.445249],[24.570095,59.445246],[24.570053,59.445252],[24.570033,59.445264],[24.570008,59.445344],[24.57002,59.445405],[24.57007,59.445486],[24.570117,59.445543],[24.570153,59.445573],[24.570233,59.445618],[24.570296,59.44567],[24.570394,59.44576],[24.570417,59.445801],[24.570494,59.445855],[24.570504,59.445875],[24.570497,59.445897],[24.570456,59.445948],[24.570468,59.445968],[24.570562,59.445999],[24.570612,59.446007],[24.570667,59.446006],[24.570694,59.44601],[24.570791,59.44605],[24.570852,59.446071],[24.570901,59.446085],[24.570943,59.446092],[24.570969,59.44609],[24.570986,59.446084],[24.570996,59.446071],[24.570995,59.446063],[24.570959,59.446035],[24.570957,59.446022],[24.570988,59.446001],[24.571004,59.446002],[24.57106,59.446031],[24.571098,59.446044],[24.571128,59.44607],[24.57114,59.446099],[24.571133,59.44614],[24.571112,59.446198],[24.571128,59.446239],[24.571165,59.446273],[24.571162,59.446313],[24.571192,59.44633],[24.571238,59.44633],[24.571426,59.446296],[24.571603,59.446274],[24.5717,59.446274],[24.571736,59.446283],[24.571765,59.446299],[24.571772,59.446317],[24.571763,59.446385],[24.571808,59.446428],[24.571868,59.446453],[24.571925,59.446459],[24.572014,59.446458],[24.572066,59.446464],[24.572097,59.446485],[24.572119,59.446509],[24.572141,59.44655],[24.572144,59.446583],[24.572124,59.4466],[24.572065,59.446617],[24.572036,59.446633],[24.572026,59.446649],[24.572013,59.44667],[24.572005,59.446705],[24.572011,59.446739],[24.572037,59.446772],[24.572071,59.446793],[24.572137,59.446806],[24.572186,59.446801],[24.572215,59.446788],[24.572227,59.446763],[24.572222,59.446734],[24.572215,59.446694],[24.572229,59.446672],[24.572255,59.446656],[24.572289,59.446615],[24.572307,59.446585],[24.572318,59.446566],[24.572403,59.446475],[24.572457,59.446444],[24.572492,59.446409],[24.572503,59.446365],[24.572537,59.446343],[24.572605,59.446322],[24.572639,59.446295],[24.572677,59.44624],[24.572773,59.446254],[24.572893,59.446273],[24.572926,59.446332],[24.573008,59.446412],[24.573069,59.446559],[24.573064,59.44659],[24.573042,59.446603],[24.57299,59.446616],[24.572953,59.446633],[24.57288,59.446687],[24.572832,59.446693],[24.572812,59.446698],[24.572792,59.446719],[24.572784,59.446743],[24.572811,59.446832],[24.572837,59.446884],[24.572873,59.446931],[24.572934,59.446955],[24.573028,59.446964],[24.573064,59.446971],[24.573134,59.446979],[24.573227,59.447016],[24.573258,59.447043],[24.573262,59.447075],[24.573247,59.447117],[24.573221,59.447147],[24.573197,59.447196],[24.573241,59.447281],[24.573241,59.447314],[24.57319,59.447399],[24.573183,59.447443],[24.573186,59.447479],[24.57316,59.447527],[24.573118,59.447562],[24.573096,59.447606],[24.573101,59.447641],[24.573137,59.447671],[24.573241,59.447722],[24.573281,59.447752],[24.573338,59.447799],[24.573467,59.447947],[24.573526,59.447985],[24.57358,59.448013],[24.573658,59.448073],[24.573753,59.448174],[24.573846,59.44829],[24.573903,59.448352],[24.574002,59.448423],[24.574157,59.448586],[24.57441,59.448807],[24.574617,59.449068],[24.574769,59.449224],[24.57543,59.449965],[24.575476,59.450019],[24.575484,59.450081],[24.575456,59.450139],[24.575401,59.450203],[24.575357,59.450266],[24.575342,59.450312],[24.575344,59.45037],[24.57538,59.450466],[24.575622,59.450989],[24.575687,59.451156],[24.575772,59.451406],[24.575805,59.451623],[24.575842,59.451796],[24.575838,59.451964],[24.575822,59.452101],[24.575797,59.452295],[24.575759,59.452438],[24.575713,59.452553],[24.575656,59.452629],[24.575536,59.452732],[24.575412,59.452834],[24.575336,59.452891],[24.575264,59.452954],[24.575096,59.453055],[24.574878,59.453211],[24.574814,59.453246],[24.574725,59.453285],[24.574634,59.453344],[24.574571,59.453394],[24.574547,59.453431],[24.574537,59.45352],[24.574511,59.453575],[24.574315,59.453758],[24.574239,59.453812],[24.574083,59.453911],[24.574052,59.453926],[24.574014,59.453963],[24.573938,59.454022],[24.57379,59.454118],[24.573614,59.454223],[24.573497,59.454286],[24.573317,59.454397],[24.573124,59.454531],[24.573075,59.45459],[24.573029,59.454704],[24.572997,59.454845],[24.572927,59.45497],[24.572919,59.455031],[24.572907,59.455062],[24.57289,59.455096],[24.572857,59.455122],[24.572841,59.455151],[24.572843,59.455191],[24.572828,59.455215],[24.572807,59.455236],[24.572785,59.455247],[24.572777,59.455272],[24.572797,59.455316],[24.572795,59.45535],[24.572779,59.455398],[24.572707,59.455516],[24.572679,59.455596],[24.57264,59.455679],[24.572554,59.455834],[24.572506,59.455912],[24.572459,59.456036],[24.572315,59.456224],[24.572198,59.456352],[24.572139,59.456439],[24.572031,59.456519],[24.571975,59.456593],[24.571907,59.45665],[24.571841,59.456731],[24.571761,59.456798],[24.571687,59.456883],[24.571486,59.457092],[24.571333,59.457241],[24.571194,59.457368],[24.57109,59.457518],[24.571036,59.457638],[24.570975,59.457727],[24.570929,59.457821],[24.57083,59.45794],[24.570803,59.457974],[24.570779,59.458017],[24.570741,59.458058],[24.57068,59.458138],[24.570632,59.458232],[24.570619,59.458276],[24.570559,59.458372],[24.570461,59.458551],[24.570392,59.458646],[24.570367,59.458706],[24.570357,59.458757],[24.570333,59.458793],[24.570258,59.458883],[24.570192,59.458977],[24.569976,59.45921],[24.569891,59.459277],[24.569803,59.459339],[24.569761,59.459405],[24.569699,59.459547],[24.569661,59.459685],[24.569644,59.459812],[24.569647,59.459854],[24.569659,59.459916],[24.569698,59.460022],[24.56973,59.460092],[24.569772,59.460221],[24.569806,59.460303],[24.569808,59.460326],[24.569746,59.460386],[24.569736,59.460409],[24.569738,59.460431],[24.569767,59.460511],[24.569777,59.460598],[24.569767,59.460768],[24.569726,59.460862],[24.569716,59.460899],[24.569714,59.460936],[24.569727,59.460969],[24.569735,59.461024],[24.569744,59.46104],[24.569767,59.461056],[24.569805,59.461071],[24.569909,59.461094],[24.569945,59.461117],[24.569999,59.461135],[24.570106,59.461189],[24.570183,59.461237],[24.570354,59.461377],[24.570428,59.461451],[24.570449,59.461483],[24.570465,59.461496],[24.570539,59.461522],[24.57061,59.461526],[24.570671,59.46152],[24.570743,59.461506],[24.570796,59.461504],[24.570898,59.461515],[24.570943,59.461523],[24.571117,59.461609],[24.57119,59.461636],[24.571248,59.461663],[24.57129,59.461675],[24.571423,59.461692],[24.571475,59.461704],[24.571525,59.461727],[24.571578,59.461739],[24.571674,59.461748],[24.571732,59.461757],[24.57177,59.461768],[24.571854,59.461768],[24.571958,59.461792],[24.572021,59.461799],[24.572266,59.461785],[24.572314,59.46178],[24.572501,59.461782],[24.57272,59.461774],[24.572901,59.461756],[24.572935,59.461757],[24.572964,59.46176],[24.573032,59.461782],[24.573116,59.461791],[24.573286,59.461815],[24.573324,59.461817],[24.573389,59.461816],[24.573496,59.461807],[24.573527,59.461809],[24.574056,59.461927],[24.574168,59.461934],[24.574287,59.46193],[24.574368,59.461918],[24.574439,59.461899],[24.574578,59.461855],[24.574643,59.461823],[24.574733,59.461767],[24.574776,59.461717],[24.57482,59.461684],[24.575012,59.461567],[24.575156,59.461457],[24.575244,59.461378],[24.575303,59.461333],[24.575369,59.461286],[24.575485,59.461219],[24.575489,59.461189],[24.575484,59.461175],[24.575517,59.461088],[24.57557,59.461049],[24.575605,59.461024],[24.575721,59.460964],[24.575757,59.460928],[24.575795,59.460875],[24.575805,59.460847],[24.575806,59.460819],[24.575762,59.460667],[24.57577,59.460594],[24.57579,59.460558],[24.575832,59.460504],[24.575881,59.460462],[24.575964,59.460402],[24.576041,59.46036],[24.5763,59.460252],[24.576461,59.460198],[24.576736,59.460118],[24.576982,59.460051],[24.577205,59.460002],[24.577346,59.459976],[24.578167,59.459765],[24.578559,59.459672],[24.578948,59.459575],[24.579206,59.459517],[24.579584,59.459437],[24.579779,59.459405],[24.580336,59.459326],[24.580563,59.459301],[24.58083,59.459281],[24.581058,59.459268],[24.581606,59.459253],[24.581998,59.459231],[24.582188,59.459216],[24.582685,59.459165],[24.582861,59.459138],[24.583259,59.459089],[24.583623,59.459008],[24.583925,59.458976],[24.584104,59.458967],[24.58422,59.458971],[24.584374,59.45897],[24.584407,59.458973],[24.584458,59.458972],[24.584578,59.458961],[24.584639,59.458952],[24.584736,59.458921],[24.584819,59.458875],[24.584915,59.458843],[24.585061,59.458807],[24.58517,59.458783],[24.585586,59.458707],[24.585837,59.45868],[24.585884,59.458657],[24.585906,59.458641],[24.585946,59.458624],[24.586001,59.458612],[24.586074,59.458571],[24.586228,59.458507],[24.586455,59.458425],[24.586519,59.458405],[24.586556,59.458384],[24.586579,59.458356],[24.5866,59.45831],[24.58663,59.458269],[24.586657,59.458205],[24.586679,59.458182],[24.586737,59.458144],[24.58679,59.458087],[24.586798,59.458063],[24.586797,59.45805],[24.58681,59.458029],[24.586846,59.457991],[24.586856,59.45794],[24.58687,59.457919],[24.586925,59.457856],[24.586995,59.45779],[24.587047,59.457702],[24.587057,59.457657],[24.587054,59.457615],[24.587078,59.457548],[24.587125,59.457459],[24.587151,59.457421],[24.587162,59.457374],[24.587164,59.457256],[24.587152,59.457208],[24.587137,59.457174],[24.58708,59.457094],[24.587037,59.457044],[24.587008,59.456974],[24.587002,59.456941],[24.587011,59.456833],[24.587037,59.456799],[24.587034,59.456763],[24.587049,59.456694],[24.587087,59.456624],[24.587108,59.456538],[24.587117,59.456518],[24.587148,59.456501],[24.587187,59.456492],[24.587209,59.456479],[24.58723,59.456456],[24.587242,59.456428],[24.587298,59.456348],[24.587313,59.456338],[24.587368,59.456301],[24.58752,59.456224],[24.587861,59.456073],[24.588005,59.456019],[24.588468,59.455857],[24.588757,59.455761],[24.589111,59.455649],[24.589457,59.455529],[24.589574,59.455486],[24.5897,59.455421],[24.58998,59.455293],[24.590177,59.455191],[24.590194,59.455174],[24.590202,59.455152],[24.590222,59.455141],[24.590273,59.455124],[24.590305,59.45507],[24.590336,59.455053],[24.590423,59.455023],[24.590654,59.454928],[24.590746,59.4549],[24.590806,59.454875],[24.590848,59.454839],[24.590879,59.454829],[24.590913,59.454826],[24.591,59.454792],[24.591022,59.454763],[24.591037,59.454734],[24.591058,59.454713],[24.5911,59.454686],[24.591185,59.454645],[24.591282,59.454574],[24.591344,59.454505],[24.591417,59.45445],[24.591564,59.454388],[24.591629,59.45437],[24.591811,59.454303],[24.591837,59.454273],[24.591858,59.454212],[24.591874,59.4542],[24.591976,59.454161],[24.592275,59.454032],[24.59232,59.454021],[24.592359,59.454006],[24.592385,59.453987],[24.59245,59.453914],[24.592486,59.453858],[24.592514,59.453836],[24.592537,59.453822],[24.592562,59.453814],[24.592596,59.453784],[24.592678,59.453727],[24.592771,59.453696],[24.592797,59.453677],[24.592801,59.45363],[24.592807,59.453612],[24.59282,59.453592],[24.592846,59.453572],[24.592879,59.453558],[24.59293,59.453519],[24.592943,59.453504],[24.592964,59.45347],[24.59297,59.453442],[24.592968,59.453419],[24.592955,59.453294],[24.592962,59.453249],[24.592983,59.453216],[24.593079,59.453134],[24.59315,59.453085],[24.593326,59.453001],[24.593518,59.452925],[24.593595,59.452886],[24.593749,59.452823],[24.593841,59.452789],[24.593914,59.452758],[24.593988,59.452713],[24.594119,59.452665],[24.594173,59.452629],[24.594239,59.452586],[24.594322,59.452546],[24.594376,59.452525],[24.594446,59.452509],[24.594559,59.452462],[24.594641,59.452419],[24.594678,59.45239],[24.594806,59.452339],[24.595075,59.452261],[24.595428,59.452186],[24.595801,59.452091],[24.595988,59.45205],[24.596103,59.452016],[24.596235,59.451982],[24.596297,59.451975],[24.596443,59.451934],[24.596593,59.451898],[24.596947,59.45182],[24.597188,59.451771],[24.597803,59.451662],[24.598008,59.451634],[24.598151,59.45162],[24.59832,59.451596],[24.598483,59.451577],[24.598596,59.451559],[24.598703,59.451539],[24.598839,59.451507],[24.598983,59.451478],[24.599619,59.451363],[24.59983,59.45134],[24.600028,59.451311],[24.600157,59.451297],[24.600318,59.451284],[24.600363,59.451285],[24.601264,59.451891],[24.601362,59.451972],[24.603391,59.453365],[24.603477,59.45338],[24.603655,59.453386],[24.603749,59.453371],[24.607933,59.451764],[24.608117,59.451749],[24.608254,59.451709],[24.608405,59.451647],[24.608456,59.451614],[24.608434,59.451572],[24.608312,59.451495],[24.608253,59.451476],[24.608168,59.451482],[24.608146,59.451498],[24.608147,59.451539],[24.604769,59.452842],[24.60473,59.452833],[24.604689,59.452835],[24.604508,59.452899],[24.604247,59.453003],[24.603739,59.453196],[24.603679,59.453208],[24.603602,59.453205],[24.603523,59.45319],[24.603446,59.453164],[24.601648,59.451955],[24.60167,59.451882],[24.601697,59.45187],[24.60173,59.451854],[24.60212,59.451705],[24.602699,59.451483],[24.603493,59.451179],[24.603631,59.451126],[24.604316,59.450866],[24.604399,59.450836],[24.604725,59.451054],[24.604759,59.451041],[24.604837,59.451094],[24.605468,59.450851],[24.605602,59.450799],[24.606334,59.451292],[24.606404,59.451265],[24.606019,59.451006],[24.606139,59.45096],[24.606524,59.451219],[24.606595,59.451192],[24.606323,59.451009],[24.606676,59.450874],[24.606783,59.450946],[24.606818,59.450933],[24.606868,59.450913],[24.607269,59.451184],[24.607301,59.451194],[24.607347,59.451193],[24.607376,59.451184],[24.607395,59.451171],[24.607406,59.451147],[24.607402,59.451133],[24.607374,59.451105],[24.607026,59.450872],[24.606465,59.450503],[24.606869,59.450354],[24.606898,59.450337],[24.606903,59.450325],[24.606897,59.450307],[24.606001,59.449703],[24.605947,59.449666],[24.605866,59.449598],[24.60582,59.449552],[24.605784,59.449478],[24.605777,59.449442],[24.605783,59.449384],[24.605792,59.449349],[24.605856,59.449267],[24.605951,59.449208],[24.605986,59.449188],[24.607207,59.448756],[24.607269,59.448758],[24.607339,59.448777],[24.607394,59.448787],[24.607433,59.448782],[24.607477,59.448766],[24.607493,59.448741],[24.607473,59.448708],[24.607643,59.448666],[24.607678,59.448688],[24.607712,59.448699],[24.607752,59.448701],[24.607792,59.448694],[24.607821,59.448676],[24.607828,59.448651],[24.607864,59.448316],[24.607904,59.448292],[24.608024,59.44826],[24.60809,59.448258],[24.608187,59.448281],[24.608249,59.448288],[24.608311,59.448287],[24.608353,59.448277],[24.608396,59.448258],[24.608437,59.448221],[24.608448,59.448204],[24.608441,59.448166],[24.608453,59.448151],[24.608476,59.44814],[24.608785,59.448064],[24.609381,59.447943],[24.609608,59.447903],[24.609873,59.447866],[24.610428,59.447802],[24.610811,59.447752],[24.611147,59.447713],[24.611428,59.447673],[24.611698,59.447627],[24.61189,59.447584],[24.612137,59.447536],[24.613035,59.447348],[24.613145,59.447328],[24.613202,59.447309],[24.613315,59.447286],[24.613371,59.447265],[24.613447,59.447245],[24.613538,59.447228],[24.613648,59.447218],[24.613673,59.447201],[24.613676,59.447138],[24.613689,59.447131],[24.613966,59.447064],[24.61409,59.44703],[24.61419,59.447006],[24.614267,59.446982],[24.61439,59.446951],[24.614503,59.446926],[24.614701,59.446872],[24.615039,59.446795],[24.61512,59.446773],[24.615166,59.44676],[24.615505,59.446705],[24.615544,59.446707],[24.615676,59.446749],[24.615714,59.446757],[24.615797,59.446724],[24.615808,59.446702],[24.615783,59.446685],[24.61579,59.446664],[24.615641,59.446623],[24.615685,59.446589],[24.615723,59.446578],[24.615749,59.446551],[24.615842,59.446476],[24.615877,59.446439],[24.615885,59.446419],[24.615907,59.446398],[24.615952,59.446369],[24.61596,59.446367],[24.615999,59.446353],[24.616042,59.446327],[24.61607,59.446302],[24.616156,59.446238],[24.616294,59.446147],[24.6167,59.445872],[24.616807,59.44581],[24.616943,59.445749],[24.617083,59.445686],[24.61722,59.445641],[24.617547,59.445559],[24.617766,59.445511],[24.617956,59.445463],[24.618113,59.445415],[24.618243,59.44537],[24.61829,59.445363],[24.618401,59.445354],[24.618658,59.445294],[24.618788,59.445272],[24.618879,59.445258],[24.618944,59.445257],[24.618999,59.445243],[24.61905,59.445223],[24.619091,59.4452],[24.619129,59.445159],[24.61913,59.445126],[24.619122,59.445099],[24.619133,59.445083],[24.619163,59.44508],[24.619247,59.445046],[24.619657,59.444914],[24.619876,59.444851],[24.620134,59.444763],[24.620213,59.444744],[24.620321,59.444689],[24.620353,59.444659],[24.620403,59.444629],[24.620458,59.444606],[24.620598,59.444588],[24.620784,59.444525],[24.6208,59.444512],[24.620846,59.444487],[24.621013,59.444439],[24.621234,59.444359],[24.621449,59.444289],[24.621677,59.444206],[24.62176,59.444182],[24.621825,59.444158],[24.621967,59.444139],[24.622024,59.44414],[24.622075,59.444133],[24.622123,59.444112],[24.622187,59.444065],[24.622188,59.444005],[24.62218,59.443989],[24.622149,59.443967],[24.622116,59.443935],[24.622132,59.443887],[24.62215,59.44387],[24.622183,59.443856],[24.622204,59.443835],[24.622248,59.443782],[24.622281,59.443751],[24.622307,59.443708],[24.622334,59.44369],[24.622346,59.443676],[24.622352,59.443656],[24.622395,59.44357],[24.622411,59.443553],[24.622461,59.443535],[24.622509,59.443511],[24.622563,59.443479],[24.62265,59.443445],[24.622884,59.443352],[24.623127,59.44328],[24.623332,59.443223],[24.623466,59.443191],[24.62357,59.443173],[24.62368,59.443147],[24.623737,59.443142],[24.623776,59.443132],[24.623798,59.443116],[24.623805,59.443097],[24.62382,59.443081],[24.623841,59.44307],[24.623894,59.443047],[24.624006,59.443022],[24.624091,59.44301],[24.624145,59.443007],[24.624192,59.443],[24.624521,59.442937],[24.624627,59.442924],[24.624727,59.442907],[24.624913,59.442841],[24.624973,59.442808],[24.625135,59.442643],[24.625243,59.44255],[24.625326,59.442492],[24.625459,59.442427],[24.625538,59.44238],[24.625617,59.442315],[24.625662,59.44227],[24.625717,59.442234],[24.625763,59.44221],[24.625827,59.442151],[24.625889,59.442101],[24.625947,59.442079],[24.626103,59.442036],[24.626266,59.442003],[24.626426,59.441979],[24.626486,59.441967],[24.626525,59.44195],[24.626551,59.441933],[24.626589,59.441866],[24.626627,59.441833],[24.626883,59.441752],[24.627006,59.441729],[24.627082,59.441704],[24.627234,59.441618],[24.627327,59.441573],[24.627429,59.441542],[24.627628,59.441502],[24.627862,59.441443],[24.627972,59.441417],[24.628198,59.441322],[24.628289,59.441297],[24.628392,59.441263],[24.628886,59.441097],[24.628939,59.441071],[24.628992,59.441029],[24.629059,59.440991],[24.629268,59.440901],[24.629399,59.440831],[24.629419,59.440811],[24.629477,59.440773],[24.629521,59.440753],[24.629543,59.440744],[24.629606,59.440719],[24.629754,59.440675],[24.62996,59.440602],[24.630142,59.440546],[24.630315,59.440485],[24.630576,59.440369],[24.630691,59.4403],[24.630733,59.440269],[24.630779,59.440214],[24.630829,59.440184],[24.630888,59.440158],[24.630955,59.44012],[24.631016,59.440096],[24.631078,59.440078],[24.631241,59.439993],[24.631374,59.439944],[24.631527,59.439905],[24.631605,59.439876],[24.631769,59.439788],[24.632024,59.439691],[24.632204,59.439634],[24.632903,59.43938],[24.633046,59.439329],[24.633116,59.439291],[24.633173,59.439245],[24.633223,59.439196],[24.633349,59.439087],[24.633401,59.43903],[24.633487,59.438872],[24.633638,59.43865],[24.63368,59.438619],[24.633832,59.438562],[24.633917,59.438512],[24.634056,59.438467],[24.634162,59.438428],[24.6343,59.438385],[24.634373,59.438374],[24.634415,59.438356],[24.634447,59.438317],[24.634524,59.438293],[24.634746,59.43824],[24.635477,59.438112],[24.635909,59.438031],[24.636076,59.43802],[24.636136,59.438012],[24.636152,59.438007],[24.636174,59.438001],[24.636186,59.437989],[24.636226,59.437973],[24.63643,59.437907],[24.636653,59.437859],[24.636743,59.43785],[24.636832,59.437829],[24.636907,59.437805],[24.636991,59.437799],[24.637076,59.437784],[24.637167,59.437776],[24.637387,59.437747],[24.637521,59.437735],[24.637583,59.437725],[24.637611,59.437714],[24.637702,59.437697],[24.637802,59.437685],[24.637952,59.437676],[24.63811,59.437647],[24.638433,59.4376],[24.638593,59.437569],[24.63868,59.437557],[24.63875,59.437554],[24.638836,59.437532],[24.638968,59.437504],[24.639286,59.437458],[24.6394,59.437435],[24.639496,59.43741],[24.639657,59.437353],[24.639711,59.437323],[24.639769,59.437272],[24.6399,59.437174],[24.640062,59.43711],[24.640242,59.437018],[24.640325,59.436983],[24.640453,59.436968],[24.640506,59.436964],[24.640582,59.43695],[24.640645,59.436934],[24.640689,59.436915],[24.64073,59.43689],[24.64081,59.436871],[24.640929,59.43685],[24.641091,59.436832],[24.641161,59.436828],[24.641249,59.436814],[24.641311,59.436775],[24.641491,59.436727],[24.641566,59.4367],[24.641636,59.436663],[24.641682,59.436644],[24.641711,59.436624],[24.64177,59.436563],[24.64194,59.436486],[24.642059,59.436442],[24.642103,59.436432],[24.642222,59.436391],[24.642271,59.436351],[24.64229,59.436325],[24.642338,59.436296],[24.642404,59.43627],[24.642456,59.436259],[24.642495,59.436245],[24.642639,59.436175],[24.642698,59.436129],[24.64272,59.436098],[24.64274,59.435998],[24.64278,59.435929],[24.642871,59.435823],[24.642943,59.435776],[24.64301,59.435745],[24.643249,59.435678],[24.644044,59.435578],[24.644194,59.435549],[24.644302,59.435536],[24.644428,59.43553],[24.64474,59.43546],[24.645108,59.435353],[24.645176,59.435339],[24.645391,59.435309],[24.645515,59.435284],[24.645684,59.435246],[24.645839,59.435189],[24.646054,59.435107],[24.646208,59.435048],[24.646306,59.434995],[24.646387,59.43492],[24.646535,59.434821],[24.646683,59.434735],[24.646772,59.434701],[24.646869,59.434683],[24.646964,59.434682],[24.647106,59.434674],[24.647215,59.434659],[24.647427,59.434587],[24.647539,59.434526],[24.647624,59.434476],[24.647714,59.4344],[24.647829,59.434257],[24.647871,59.434216],[24.647965,59.434138],[24.648029,59.43411],[24.64808,59.434036],[24.648238,59.433919],[24.648329,59.433874],[24.648364,59.433845],[24.648381,59.433814],[24.648397,59.433803],[24.648524,59.433768],[24.648593,59.433744],[24.648669,59.433725],[24.648723,59.433699],[24.648771,59.433668],[24.648858,59.43364],[24.649038,59.433601],[24.649163,59.433602],[24.649239,59.433598],[24.649315,59.433579],[24.64935,59.43356],[24.649382,59.433535],[24.649496,59.433471],[24.649567,59.433375],[24.649645,59.433308],[24.649679,59.433296],[24.649696,59.433286],[24.649699,59.433268],[24.649689,59.433243],[24.649711,59.433215],[24.649739,59.433199],[24.649772,59.433197],[24.649812,59.433208],[24.649855,59.433208],[24.649881,59.4332],[24.649879,59.433185],[24.649839,59.433147],[24.649836,59.433127],[24.649979,59.432975],[24.650149,59.43281],[24.650195,59.43278],[24.650238,59.432762],[24.650275,59.432739],[24.650344,59.432722],[24.650428,59.432689],[24.650511,59.43262],[24.650576,59.432577],[24.650747,59.432478],[24.650786,59.432435],[24.650876,59.432317],[24.650913,59.432304],[24.650944,59.432282],[24.651081,59.432179],[24.651185,59.432076],[24.651197,59.432033],[24.651232,59.432],[24.651284,59.431976],[24.65133,59.431961],[24.651391,59.431929],[24.651426,59.431894],[24.651482,59.431818],[24.65152,59.431785],[24.651618,59.431716],[24.651907,59.431581],[24.651979,59.431543],[24.652041,59.431498],[24.65216,59.431441],[24.652324,59.431364],[24.65241,59.43129],[24.652532,59.431208],[24.652548,59.431192],[24.652555,59.43116],[24.652556,59.43109],[24.652657,59.430909],[24.652693,59.430866],[24.652818,59.430784],[24.6529,59.430757],[24.652959,59.430726],[24.652977,59.430706],[24.65301,59.430645],[24.653233,59.430319],[24.653382,59.430185],[24.653497,59.430124],[24.653524,59.430104],[24.653542,59.430076],[24.653581,59.430047],[24.653627,59.430025],[24.65367,59.430014],[24.653718,59.429995],[24.653876,59.429924],[24.653897,59.429901],[24.653912,59.429871],[24.653963,59.429828],[24.654014,59.429807],[24.65417,59.429764],[24.65455,59.429682],[24.654675,59.429644],[24.654967,59.429567],[24.655061,59.429545],[24.655185,59.429524],[24.655291,59.429513],[24.655381,59.429513],[24.655582,59.429527],[24.655698,59.429531],[24.655837,59.429531],[24.656088,59.429482],[24.656167,59.429476],[24.656301,59.429481],[24.656373,59.42949],[24.656457,59.429517],[24.656493,59.429538],[24.656591,59.429567],[24.656621,59.429592],[24.656636,59.429635],[24.656662,59.429661],[24.656717,59.429688],[24.656834,59.42976],[24.656852,59.429784],[24.65688,59.429876],[24.656904,59.429898],[24.656948,59.429907],[24.657006,59.429911],[24.657068,59.429905],[24.657143,59.429893],[24.657338,59.429854],[24.657421,59.429851],[24.657527,59.429861],[24.657587,59.429872],[24.657791,59.42992],[24.658009,59.430006],[24.658232,59.430056],[24.658292,59.430061],[24.658361,59.430059],[24.658468,59.430048],[24.658521,59.43005],[24.65862,59.430081],[24.658776,59.430102],[24.658946,59.430099],[24.659045,59.430084],[24.65932,59.430068],[24.659705,59.430092],[24.659787,59.430093],[24.659858,59.430088],[24.65996,59.430065],[24.660004,59.430048],[24.660114,59.430025],[24.66018,59.429998],[24.660226,59.429969],[24.660287,59.429938],[24.660351,59.429919],[24.660455,59.429899],[24.660652,59.429869],[24.660705,59.429856],[24.660836,59.429824],[24.661159,59.429781],[24.661211,59.429766],[24.66125,59.429743],[24.661277,59.429677],[24.661324,59.429595],[24.661368,59.429551],[24.661448,59.429505],[24.661691,59.429409],[24.661808,59.429371],[24.661994,59.429301],[24.6621,59.429248],[24.662192,59.429221],[24.662767,59.429083],[24.663188,59.429006],[24.663674,59.428881],[24.66382,59.428847],[24.663929,59.428828],[24.664016,59.428821],[24.664122,59.42882],[24.664227,59.428836],[24.664301,59.428858],[24.664403,59.428898],[24.664483,59.428947],[24.66459,59.429031],[24.664651,59.429095],[24.664715,59.429198],[24.664752,59.429343],[24.664735,59.429388],[24.664654,59.42949],[24.664599,59.429529],[24.664484,59.429597],[24.664436,59.42964],[24.664418,59.429688],[24.664402,59.429842],[24.664357,59.429913],[24.664272,59.429978],[24.664151,59.43003],[24.664023,59.430066],[24.663872,59.430099],[24.66384,59.430122],[24.663809,59.430178],[24.663747,59.43026],[24.663708,59.430351],[24.663671,59.430387],[24.663509,59.430464],[24.663489,59.430489],[24.663498,59.430508],[24.663528,59.430523],[24.663578,59.430534],[24.663689,59.430546],[24.663732,59.43056],[24.66378,59.430579],[24.663811,59.430599],[24.66387,59.430652],[24.663919,59.430677],[24.663975,59.430695],[24.664026,59.430708],[24.664124,59.430722],[24.664296,59.430727],[24.664337,59.430734],[24.664478,59.430793],[24.66456,59.430844],[24.664603,59.430859],[24.664703,59.430878],[24.664737,59.43089],[24.664786,59.430926],[24.664826,59.430947],[24.664874,59.43096],[24.665359,59.431044],[24.665461,59.431052],[24.665537,59.431056],[24.665627,59.431056],[24.665955,59.43104],[24.666056,59.431043],[24.666149,59.43105],[24.666214,59.431061],[24.66628,59.431087],[24.666325,59.431115],[24.666406,59.431139],[24.666449,59.431142],[24.666482,59.43113],[24.666511,59.431127],[24.666521,59.43113],[24.666551,59.431146],[24.666572,59.431254],[24.666657,59.431332],[24.666675,59.431341],[24.666706,59.431344],[24.666896,59.431325],[24.666937,59.431324],[24.666978,59.431342],[24.666995,59.431372],[24.667012,59.431385],[24.667025,59.43139],[24.667056,59.431389],[24.66718,59.431369],[24.667212,59.431369],[24.667243,59.431379],[24.667304,59.431415],[24.667457,59.431471],[24.667554,59.431483],[24.667586,59.431492],[24.667671,59.431549],[24.667682,59.431571],[24.667681,59.431601],[24.667691,59.43162],[24.667714,59.431644],[24.667766,59.43167],[24.667833,59.431687],[24.667936,59.43168],[24.667983,59.431665],[24.668026,59.43164],[24.668057,59.431599],[24.668051,59.431581],[24.668029,59.431556],[24.66803,59.431546],[24.668041,59.431537],[24.668077,59.431534],[24.668104,59.431539],[24.668173,59.431565],[24.668241,59.431569],[24.668269,59.431565],[24.668294,59.431555],[24.668341,59.431547],[24.668368,59.431548],[24.668393,59.431552],[24.668425,59.43158],[24.668448,59.43159],[24.66848,59.431595],[24.668543,59.43159],[24.668602,59.431574],[24.668631,59.431572],[24.66866,59.431577],[24.668766,59.43162],[24.668785,59.43164],[24.668807,59.431691],[24.668894,59.431733],[24.668936,59.431744],[24.669008,59.431749],[24.669034,59.43176],[24.669045,59.43182],[24.669105,59.43189],[24.669144,59.431909],[24.669176,59.431914],[24.669208,59.431914],[24.66923,59.431909],[24.669272,59.431883],[24.669328,59.431868],[24.66937,59.431839],[24.669396,59.431806],[24.669423,59.431787],[24.66945,59.431778],[24.669494,59.431774],[24.669531,59.431781],[24.669561,59.431796],[24.669595,59.431846],[24.669636,59.431876],[24.669643,59.431887],[24.669645,59.431928],[24.669669,59.431949],[24.669703,59.431963],[24.669727,59.431965],[24.669794,59.431994],[24.669829,59.432033],[24.669826,59.43207],[24.669834,59.432089],[24.669852,59.432103],[24.669901,59.432115],[24.669943,59.432119],[24.670001,59.432112],[24.670035,59.432102],[24.670061,59.43209],[24.670076,59.432075],[24.670082,59.432055],[24.670103,59.432034],[24.670124,59.432025],[24.670183,59.432015],[24.670308,59.43202],[24.670326,59.432032],[24.670327,59.432059],[24.670387,59.432166],[24.670421,59.432208],[24.670475,59.432234],[24.670524,59.43224],[24.670561,59.432232],[24.670605,59.43221],[24.670647,59.432209],[24.67068,59.432222],[24.670722,59.432257],[24.670746,59.432268],[24.670783,59.432274],[24.670885,59.43226],[24.670911,59.432266],[24.670943,59.432297],[24.670979,59.432345],[24.671006,59.432356],[24.671033,59.432361],[24.671088,59.432364],[24.671329,59.432364],[24.671363,59.432373],[24.671392,59.432392],[24.67147,59.432463],[24.671506,59.432482],[24.671605,59.432474],[24.671671,59.432474],[24.671881,59.432488],[24.671961,59.4325],[24.672163,59.432542],[24.672245,59.432567],[24.67237,59.432616],[24.672531,59.43266],[24.672616,59.432694],[24.672707,59.43272],[24.672788,59.432736],[24.672868,59.432743],[24.67293,59.432741],[24.673007,59.432723],[24.673064,59.432696],[24.673115,59.432677],[24.673141,59.432673],[24.673168,59.432669],[24.673214,59.432673],[24.673232,59.432685],[24.673265,59.43275],[24.673271,59.432848],[24.673282,59.432894],[24.673322,59.432949],[24.673336,59.432959],[24.673372,59.432972],[24.673456,59.432989],[24.67349,59.433007],[24.673505,59.43303],[24.673494,59.43307],[24.67351,59.433093],[24.673715,59.433193],[24.673787,59.433221],[24.673813,59.433239],[24.673821,59.433252],[24.673819,59.433366],[24.673843,59.433512],[24.673884,59.43354],[24.673914,59.433549],[24.673986,59.433557],[24.674251,59.433561],[24.674371,59.433571],[24.674487,59.433595],[24.674566,59.433618],[24.674692,59.433664],[24.674722,59.43367],[24.67479,59.43367],[24.674817,59.433675],[24.674838,59.433686],[24.674885,59.433778],[24.674915,59.433943],[24.674927,59.433981],[24.674945,59.434],[24.674972,59.434011],[24.675023,59.434018],[24.675065,59.434018],[24.675114,59.434026],[24.675145,59.434039],[24.675163,59.434055],[24.675164,59.434069],[24.675153,59.434086],[24.675091,59.434137],[24.675093,59.434159],[24.675107,59.434174],[24.675134,59.434184],[24.675184,59.434221],[24.67527,59.434343],[24.675341,59.434377],[24.675698,59.434452],[24.675885,59.434479],[24.676014,59.434503],[24.676117,59.434533],[24.67618,59.434556],[24.676218,59.434557],[24.676318,59.43454],[24.676469,59.434534],[24.67653,59.434538],[24.67656,59.434543],[24.676687,59.434581],[24.676718,59.434598],[24.676759,59.434663],[24.676785,59.434681],[24.676868,59.434707],[24.676906,59.434709],[24.676951,59.434701],[24.677013,59.434683],[24.6771,59.434653],[24.677183,59.43463],[24.67726,59.434624],[24.67737,59.434626],[24.67742,59.434613],[24.677476,59.43457],[24.677483,59.434555],[24.677554,59.434475],[24.677627,59.434403],[24.677727,59.43432],[24.677853,59.434196],[24.677906,59.43413],[24.677977,59.434106],[24.678022,59.434104],[24.678055,59.434114],[24.678099,59.434144],[24.678127,59.434157],[24.67825,59.434216],[24.678267,59.434239],[24.678261,59.434258],[24.678233,59.434282],[24.677945,59.434411],[24.677856,59.434469],[24.677751,59.434567],[24.677699,59.43464],[24.677683,59.434685],[24.67768,59.434737],[24.677699,59.43481],[24.67774,59.434861],[24.677766,59.434931],[24.677735,59.435062],[24.677733,59.435139],[24.677797,59.435292],[24.67779,59.435313],[24.677753,59.435336],[24.677693,59.435347],[24.677484,59.435347],[24.677424,59.435368],[24.677403,59.435401],[24.677413,59.43544],[24.677442,59.435476],[24.677572,59.435568],[24.677632,59.435597],[24.677686,59.435609],[24.677904,59.435617],[24.678041,59.435648],[24.678131,59.435683],[24.678187,59.435714],[24.678216,59.435754],[24.678267,59.435801],[24.678362,59.43584],[24.678456,59.435847],[24.678587,59.435843],[24.678661,59.435828],[24.678752,59.435785],[24.678795,59.435781],[24.678844,59.435789],[24.678896,59.435809],[24.679034,59.435893],[24.67912,59.43597],[24.679242,59.436094],[24.679246,59.4362],[24.679224,59.43625],[24.679187,59.436277],[24.679126,59.436305],[24.679037,59.436335],[24.678976,59.436344],[24.678904,59.436341],[24.678801,59.43633],[24.678781,59.436331],[24.678753,59.43634],[24.678738,59.436355],[24.678739,59.436385],[24.678772,59.43643],[24.678842,59.436484],[24.678967,59.436529],[24.679014,59.43654],[24.679084,59.436555],[24.679198,59.436556],[24.679312,59.436545],[24.67947,59.436517],[24.679487,59.436519],[24.679499,59.436526],[24.67951,59.436555],[24.679485,59.436633],[24.679499,59.436655],[24.679541,59.436679],[24.6796,59.4367],[24.679663,59.436713]]],[[[24.584316,59.461313],[24.584289,59.461302],[24.58425,59.461306],[24.584207,59.461326],[24.584201,59.461332],[24.584184,59.461352],[24.58418,59.461356],[24.584143,59.461446],[24.584103,59.461576],[24.584054,59.461683],[24.583988,59.461738],[24.583861,59.461809],[24.583709,59.461863],[24.583703,59.461889],[24.583696,59.461906],[24.583708,59.461954],[24.583698,59.462018],[24.583663,59.462064],[24.583616,59.462079],[24.583602,59.462107],[24.583625,59.462147],[24.583672,59.462198],[24.583731,59.462232],[24.583849,59.462228],[24.584016,59.462209],[24.584097,59.462199],[24.584176,59.462168],[24.584187,59.462133],[24.584248,59.462091],[24.58433,59.462057],[24.584373,59.462011],[24.584372,59.461967],[24.584382,59.461916],[24.584446,59.461864],[24.584471,59.461829],[24.584481,59.4618],[24.5845,59.461763],[24.58445,59.461722],[24.584373,59.461691],[24.584317,59.46167],[24.584292,59.461651],[24.584287,59.461618],[24.58429,59.461602],[24.584296,59.461573],[24.584323,59.461435],[24.584324,59.461412],[24.584327,59.461332],[24.584316,59.461313]]],[[[24.574478,59.464147],[24.574608,59.464116],[24.574778,59.464067],[24.57489,59.464025],[24.574968,59.46397],[24.575064,59.4639],[24.575127,59.463857],[24.575194,59.463819],[24.575264,59.46378],[24.575428,59.463688],[24.575641,59.463556],[24.575802,59.463449],[24.575956,59.463332],[24.576106,59.463235],[24.576262,59.463125],[24.576283,59.463105],[24.576402,59.462995],[24.576465,59.462925],[24.5765,59.462874],[24.576517,59.462837],[24.57652,59.462801],[24.576509,59.462773],[24.576493,59.462759],[24.576439,59.462747],[24.576396,59.462742],[24.576366,59.462745],[24.576319,59.462757],[24.576283,59.462772],[24.57617,59.462841],[24.57605,59.462925],[24.575864,59.463041],[24.575711,59.463149],[24.575528,59.463245],[24.575387,59.463316],[24.575344,59.463363],[24.575337,59.463371],[24.575249,59.463444],[24.575234,59.463454],[24.575153,59.463507],[24.575122,59.463526],[24.575075,59.463553],[24.574948,59.463604],[24.574784,59.463684],[24.574693,59.463732],[24.574667,59.463753],[24.57462,59.463789],[24.574591,59.463812],[24.574547,59.463841],[24.574481,59.463885],[24.574399,59.463937],[24.574312,59.46398],[24.5742,59.464021],[24.574096,59.464041],[24.573948,59.464066],[24.573762,59.464083],[24.573591,59.464093],[24.573446,59.46411],[24.573356,59.464116],[24.5733,59.46412],[24.573244,59.464124],[24.573079,59.464126],[24.572919,59.464122],[24.572655,59.464138],[24.572575,59.464151],[24.572486,59.464172],[24.572448,59.464181],[24.572411,59.464224],[24.572377,59.464284],[24.572379,59.46436],[24.572336,59.464438],[24.572209,59.464532],[24.572126,59.464595],[24.572053,59.464701],[24.572138,59.464766],[24.572297,59.464778],[24.572436,59.464775],[24.572756,59.46473],[24.573084,59.464677],[24.573192,59.464657],[24.57347,59.46461],[24.573521,59.464603],[24.573609,59.46459],[24.573712,59.464557],[24.57378,59.464522],[24.573816,59.464488],[24.573826,59.464458],[24.573826,59.464428],[24.573791,59.464381],[24.573763,59.46433],[24.573752,59.464297],[24.573751,59.464273],[24.573764,59.464256],[24.573795,59.464244],[24.573932,59.464226],[24.574134,59.464205],[24.5743,59.464179],[24.574354,59.464171],[24.574478,59.464147]]]]}}],"attribution":"Maa- ja Ruumiamet, EHAK 2026-09-02","source_url":"https://geoportaal.maaruum.ee/est/ruumiandmed/haldus-ja-asustusjaotus-p119.html","download_url":"https://s3.pilw.io/rp-kemit-kataster/EHAK/asustusyksus_shp.zip","license_url":"https://kataster.ee/sites/default/files/documents/2024-03/MTP_andmeteenuste_kasutustingimused.pdf","retrieved_at":"2026-09-29","source_sha256":"29c01cc8cfa6030c2b539b75349e004d99737d73254628dd4062dc86ce82c6ba"}